/*
Navicat MySQL Data Transfer

Source Server         : ITL Server
Source Server Version : 50051
Source Host           : localhost:3306
Source Database       : beta

Target Server Type    : MYSQL
Target Server Version : 50051
File Encoding         : 65001

Date: 2020-06-01 19:59:48
*/

SET FOREIGN_KEY_CHECKS=0;

-- ----------------------------
-- Table structure for asistencias
-- ----------------------------
DROP TABLE IF EXISTS `asistencias`;
CREATE TABLE `asistencias` (
  `id_asistencia` int(11) NOT NULL auto_increment,
  `id_datos` int(11) default NULL,
  `fecha_entrada` date default NULL,
  `hora_entrada` time default NULL,
  `incidencia_entrada` text,
  `fecha_salida` date default NULL,
  `hora_salida` text,
  `incidencia_salida` text,
  PRIMARY KEY  (`id_asistencia`)
) ENGINE=MyISAM AUTO_INCREMENT=13 DEFAULT CHARSET=utf8;

-- ----------------------------
-- Records of asistencias
-- ----------------------------
INSERT INTO `asistencias` VALUES ('7', '47', '2020-05-29', '06:15:32', 'Retardo Mayor', '2020-05-29', '12:03:36', 'Salida');
INSERT INTO `asistencias` VALUES ('10', '51', '2020-05-27', '06:03:16', 'Entrada Puntual', '2020-05-27', '11:57:45', 'Salida');
INSERT INTO `asistencias` VALUES ('12', '51', '2020-05-28', '09:58:52', 'Retardo Mayor', null, null, null);

-- ----------------------------
-- Table structure for datos
-- ----------------------------
DROP TABLE IF EXISTS `datos`;
CREATE TABLE `datos` (
  `id_datos` int(11) NOT NULL auto_increment,
  `clave` int(255) default NULL,
  `nombre` text,
  `ap_paterno` text,
  `ap_materno` text,
  `fecha_nac` date default NULL,
  `correo` text,
  `curp` text,
  `domicilio` text,
  `sexo` text,
  `id_ecivil` tinytext,
  `fecha_registro` date default NULL,
  `hora_registro` time default NULL,
  `activo` tinyint(1) default NULL,
  PRIMARY KEY  (`id_datos`)
) ENGINE=MyISAM AUTO_INCREMENT=53 DEFAULT CHARSET=utf8;

-- ----------------------------
-- Records of datos
-- ----------------------------
INSERT INTO `datos` VALUES ('1', '1000', 'John', 'Doe', 'Doe', '1990-05-15', 'jdd1000@itlinares.edu.mx', 'RASE900515HNLMSD08', 'Manzano  # 511 Colonia Gloria Mendiola   - Linares , Nuevo León', 'M', '2', '2015-01-02', '04:41:26', '0');
INSERT INTO `datos` VALUES ('2', '854', 'Hipolito', 'Cano', 'Ruiz', '1963-08-13', 'hcr854@itlinares.edu.mx', 'CARH630813HVZNZP00', 'Pedro Noriega # 560 Colonia Centro  - Linares , Nuevo León', 'M', '2', '2014-10-06', '05:07:54', '1');
INSERT INTO `datos` VALUES ('3', '858', 'Francisco', 'Díaz', 'Garza', '1970-06-26', 'fdg858@itlinares.edu.mx', 'DIGF700626HNLZRR02', 'Francisco I. Madero # 960 Colonia Centro  - Linares , Nuevo León', 'M', '3', '2014-10-06', '05:16:30', '1');
INSERT INTO `datos` VALUES ('4', '899', 'Rodrigo', 'Soto', 'Sánchez', '1973-03-13', 'rss899@itlinares.edu.mx', 'SOSR730313HNLTND08', 'Alamo Y Sauce # 710 Colonia Provileon  - Linares , Nuevo León', 'M', '1', '2014-10-07', '10:39:47', '1');
INSERT INTO `datos` VALUES ('5', '916', 'Marcos Uvaldo', 'Lopez', 'Rodriguez', '1991-11-24', 'mlr916@itlinares.edu.mx', 'LORM911124HNLPDR02', 'De La Cima #119 #  Colonia Inf. El Cerrito  - Linares , Nuevo León', 'M', '2', '2020-03-23', '21:21:58', '1');
INSERT INTO `datos` VALUES ('6', '922', 'Aldo Antonio', 'Tovar', 'Ramirez', '1996-01-17', 'atr922@itlinares.edu.mx', 'TORA960117HNLVML05', 'Ej. La Escondida #  Colonia Ej. La Escondida  - Linares , Nuevo León', 'M', '3', '2014-10-28', '12:17:13', '1');
INSERT INTO `datos` VALUES ('7', '927', 'Adan', 'Gonzalez', 'Vasquez', '1996-08-21', 'agv927@itlinares.edu.mx', 'GOVA960821HNLNSD01', 'Geraneos #2115 #  Colonia Hda. Los Nogales  - Linares , Nuevo León', 'M', '3', '2014-10-28', '12:21:52', '1');
INSERT INTO `datos` VALUES ('8', '937', 'Laura Gabriela', 'Ramirez', 'Escobedo', '1994-03-15', 'lre937@itlinares.edu.mx', 'RAEL940315MNLMSR08', 'Juan Alvarez #2114 #  Colonia Hacienda San Gerardo  - Linares , Nuevo León', 'F', '1', '2014-10-28', '12:32:35', '1');
INSERT INTO `datos` VALUES ('9', '943', 'Juan Carlos', 'Alvarado', 'Garcia', '1993-06-28', 'jag943@itlinares.edu.mx', 'AAGJ930628HNLLRN07', 'Hidalgo 1040 Nte. #  Colonia Alvarado  - Linares , Nuevo León', 'M', '2', '2014-10-28', '12:36:27', '1');
INSERT INTO `datos` VALUES ('10', '997', 'Flor Guadalupe', 'Ramirez', 'Zambrano', '1996-02-15', 'frz997@itlinares.edu.mx', 'RAZF960215MNLMML00', 'Capitan Aguilar No.211 #  Colonia Benito Juarez  - Linares , Nuevo León', 'F', '1', '2014-10-28', '01:38:27', '1');
INSERT INTO `datos` VALUES ('11', '998', 'Humberto De Jesus', 'Reyes', 'Cortez', '1996-02-23', 'hrc998@itlinares.edu.mx', 'RECH960223HNLYRM02', 'Juan Alvarez # 110 #  Colonia Ignacio Zaragoza  - Linares , Nuevo León', 'M', '4', '2014-10-28', '01:39:35', '1');
INSERT INTO `datos` VALUES ('12', '1026', 'Diana Abigail', 'Salazar ', 'Vargas', '1997-09-08', 'dsv1026@itlinares.edu.mx', 'SAVD970908MNLLRN04', 'Guerrero Y Reforma # 4000 Colonia Santa Rosa  - Hualahuises , Nuevo León', 'F', '2', '2016-12-18', '03:06:20', '1');
INSERT INTO `datos` VALUES ('13', '1033', 'Mahon', 'Garcia ', 'Torres', '1991-05-01', 'mgt1033@itlinares.edu.mx', 'GATM910501HZSRRH04', 'Puerta De La Boca #  Colonia Puerta De La Boca  - Montemorelos , Nuevo León', 'M', '3', '2014-10-28', '03:06:35', '1');
INSERT INTO `datos` VALUES ('14', '1037', 'Alvaro', 'Karr', 'De La Cruz ', '1980-03-21', 'akd1037@itlinares.edu.mx', 'KXCA800321HNLRRL08', 'Lirio #138 # 138 Colonia Bugambilias  - Linares , Nuevo León', 'M', '1', '2015-01-09', '10:16:01', '1');
INSERT INTO `datos` VALUES ('15', '1038', 'Jose David', 'Lopez', 'Martinez', '1996-12-22', 'jlm1038@itlinares.edu.mx', 'LOMD961222HNLPRV03', 'Melchor Ocampo #695 Sur #  Colonia La Moderna  - Linares , Nuevo León', 'M', '1', '2014-10-28', '03:09:38', '1');
INSERT INTO `datos` VALUES ('16', '1039', 'Orlando Javier', 'Luna', 'Torres', '1996-12-21', 'olt1039@itlinares.edu.mx', 'LUTO961221000', 'Sin Calle #  Colonia Sin Colonia  - Linares , Nuevo León', 'M', '3', '2014-10-28', '03:10:17', '1');
INSERT INTO `datos` VALUES ('17', '1054', 'Christian Eduardo', 'Contreras', 'Zamora', '1995-10-25', 'ccz1054@itlinares.edu.mx', 'COZC951025HPLNMH07', 'Juan Escutia #112 #  Colonia Croc  - Hualahuises  , Nuevo León', 'M', '2', '2014-10-28', '03:21:12', '1');
INSERT INTO `datos` VALUES ('18', '1064', 'Veronica Jazmin', 'Sepulveda', 'Pecina', '1993-11-21', 'vsp1064@itlinares.edu.mx', 'SEPV931121MNLPCR02', 'Miguel Blanco 244 #  Colonia Inf. La Petaca  - Linares , Nuevo León', 'F', '2', '2014-10-28', '03:28:26', '1');
INSERT INTO `datos` VALUES ('19', '1070', 'Karla Nohemi', 'Chavez', 'Hernandez', '1994-04-05', 'kch1070@itlinares.edu.mx', 'CAHK940405MNLHRR01', 'Dr. Eduardo Aguirre # 201 #  Colonia Centro  - Hualahuises , Nuevo León', 'F', '3', '2014-10-28', '04:54:10', '1');
INSERT INTO `datos` VALUES ('20', '1072', 'Xochitl Nallely', 'Martinez', 'Carranza', '1995-12-04', 'xmc1072@itlinares.edu.mx', 'MACX951204MNLRRC00', 'Felix U. Gomez S/N #  Colonia Santa Rosa  - Hualahuises , Nuevo León', 'F', '2', '2014-10-28', '04:54:58', '1');
INSERT INTO `datos` VALUES ('21', '1108', 'Paola Lizbeth', 'Aguirre', 'Rios', '1998-10-22', 'par1108@itlinares.edu.mx', 'AURP981022MNLGSL03', 'Rio Ramos 1140 #  Colonia Inff. Rio Verde  - Linares , Nuevo León', 'F', '1', '2020-03-24', '08:59:30', '1');
INSERT INTO `datos` VALUES ('22', '1128', 'Ana Maria Monserrath', 'Lopez', 'Pedraza', '1998-08-11', 'alp1128@itlinares.edu.mx', 'LOPA980811MNLPDN00', 'Rio Camacho 1220 #  Colonia Inf Morones Prieto  - Linares , Nuevo León', 'F', '2', '2016-12-01', '10:21:08', '1');
INSERT INTO `datos` VALUES ('23', '1133', 'Ary Siboney', 'Patiño', 'Martinez', '1998-06-09', 'apm1133@itlinares.edu.mx', 'PAMA980609MNLTRR04', 'S/C S/N #  Colonia Porfirio Diaz  - Linares , Nuevo León', 'F', '2', '2016-12-01', '10:23:13', '1');
INSERT INTO `datos` VALUES ('24', '1145', 'Abraham', 'Rodriguez ', 'Torres', '1978-07-24', 'art1145@itlinares.edu.mx', 'ROTA780724HNLDRB03', 'Girasol 118 #  Colonia Las Bugambilias  - Linares , Nuevo León', 'M', '1', '2016-12-01', '10:28:03', '1');
INSERT INTO `datos` VALUES ('25', '1157', 'Maria De Jesus', 'Gonzalez ', 'Gonzalez', '1980-04-01', 'mgg1157@itlinares.edu.mx', 'GOGJ800401MNLNNS04', 'Sin Nombre # 1 Colonia Congregación Maguiras  - Hualahuises , Nuevo León', 'F', '1', '2016-12-01', '10:52:52', '1');
INSERT INTO `datos` VALUES ('26', '1172', 'Roman', 'Aldape', 'Quezada', '1998-06-05', 'raq1172@itlinares.edu.mx', 'AAQR980605HNLLM09', 'E. Zapata 902 Sur #  Colonia Fracc. El Roble  - Linares , Nuevo León', 'M', '1', '2016-12-01', '10:59:58', '1');
INSERT INTO `datos` VALUES ('27', '1175', 'Karla Maria', 'Alvarez', 'Pesina', '1998-05-17', 'kap1175@itlinares.edu.mx', 'AAPK980517MNLLSR08', 'C.Pascual Ortiz Rubio #132 # 1 Colonia Fraccionamiento Ignacio Zaragoza  - Linares , Nuevo León', 'F', '2', '2016-12-01', '11:29:11', '1');
INSERT INTO `datos` VALUES ('28', '1197', 'David', 'Flores', 'Cardona', '1998-06-19', 'dfc1197@itlinares.edu.mx', 'FOCD980619HNLLRV05', 'Ricardo Palmerin 463 #  Colonia San Antonio  - Linares , Nuevo León', 'M', '2', '2016-12-01', '11:09:04', '1');
INSERT INTO `datos` VALUES ('29', '1203', 'David Alejandro', 'Garza', 'Garcia', '1999-05-15', 'dgg1203@itlinares.edu.mx', 'GAGD990515HNLRRV07', '2 De Abril Y Comonfort #  Colonia Los Alamos  - Allende , Nuevo León', 'M', '4', '2016-12-01', '11:11:22', '1');
INSERT INTO `datos` VALUES ('30', '1207', 'Gustavo Alexis', 'Hernandez', 'Luna', '1999-06-16', 'ghl1207@itlinares.edu.mx', 'HELG990616HNLRNS05', 'Dr. Jose Eleuterio Gonzalez #  Colonia Gildeleyva  - Montemorelos , Nuevo León', 'M', '2', '2016-12-01', '11:15:08', '1');
INSERT INTO `datos` VALUES ('31', '1219', 'Juan Jose', 'Reyes', 'Pedraza', '1998-08-21', 'jrp1219@itlinares.edu.mx', 'REPJ980821HNLYDN01', 'Rio Pilon   #1305 # 1 Colonia Inf.Ignacio Morones Prieto  - Linares , Nuevo León', 'M', '3', '2016-12-01', '11:43:23', '1');
INSERT INTO `datos` VALUES ('32', '1220', 'Karla Abigail', 'Rodriguez', 'Lopez', '2016-10-17', 'krl1220@itlinares.edu.mx', '	ROLK991017MNLDPR01', 'Camino A Hualahuises #  Colonia Camachito  - Linares , Nuevo León', 'F', '1', '2016-12-01', '11:22:58', '1');
INSERT INTO `datos` VALUES ('33', '1224', 'Luis Angel', 'Salazar ', 'Tamayo ', '1999-01-27', 'lst1224@itlinares.edu.mx', 'SATL990127HNLLMS03', 'Plutarco Elias Calles  #  Colonia Centro De General Teran   - General Teran  , Nuevo León', 'M', '1', '2016-12-01', '11:24:39', '1');
INSERT INTO `datos` VALUES ('34', '1227', 'Adolfo', 'Viera ', 'Melendez', '1998-11-09', 'avm1227@itlinares.edu.mx', 'VIMA981109HNLRLD06', 'Palma #220 # 1 Colonia Provileón  - Linares , Nuevo León', 'M', '4', '2016-12-01', '11:41:18', '1');
INSERT INTO `datos` VALUES ('35', '1234', 'Ivan Gabino', 'Bravo', 'Nacianceno', '2016-01-06', 'ibn1234@itlinares.edu.mx', 'BANI990106HNLRCV09', '406 Gral Eulalio Gutierres # 1 Colonia L A Esperanza  - Hualahuises , Nuevo León', 'M', '2', '2016-12-01', '12:45:21', '1');
INSERT INTO `datos` VALUES ('36', '1247', 'Isaias Humberto', 'Ibarra', 'Amaro', '1998-04-29', 'iia1247@itlinares.edu.mx', 'IAAI980429HNLBMS08', 'Rio Coatzacoalcos 301 # 1 Colonia Villaseca  - Linares , Nuevo León', 'M', '2', '2016-12-01', '12:50:10', '1');
INSERT INTO `datos` VALUES ('37', '1250', 'Jose Antonio', 'Cortes ', 'Luna', '1997-12-02', 'jcl1250@itlinares.edu.mx', 'CXLA971202HNLRNN07', 'De La Cañada #409 #  Colonia Infonavit El Cerrito  - Linares , Nuevo León', 'M', '2', '2016-12-01', '12:25:16', '1');
INSERT INTO `datos` VALUES ('38', '1257', 'Damian', 'De Leon', 'Garcia', '1998-05-12', 'ddg1257@itlinares.edu.mx', 'LEGD980512HNLNRM04', 'Miguel Aleman #  Colonia La Esperanza  - Hualahuises N.L. , Nuevo León', 'M', '4', '2016-12-01', '12:28:08', '1');
INSERT INTO `datos` VALUES ('39', '1258', 'Jose Lizandro', 'Duran', 'Lopez', '1998-01-06', 'jdl1258@itlinares.edu.mx', 'DULL980106HNLRPZ08', 'Luis Tijerina # 1 Colonia Ricardo Cantú La Petaca  - Linares , Nuevo León', 'M', '1', '2016-12-01', '01:49:56', '1');
INSERT INTO `datos` VALUES ('40', '1278', 'Horacio Guadalupe', 'Hernandez', 'Chipuli', '1997-12-12', 'hhc1278@itlinares.edu.mx', 'HECH971212HNLRHR05', 'Tulipan 121 # 121 Colonia Las Bugambilas  - Linares , Nuevo León', 'M', '3', '2016-12-01', '01:52:55', '1');
INSERT INTO `datos` VALUES ('41', '1289', 'Brayan Alexis', 'Rodriguez', 'Barajas', '1999-05-22', 'brb1289@itlinares.edu.mx', 'ROBB990522HNLDRR00', 'Av.Fidel Velazquez #1355 #  Colonia Mendiola  - Linares , Nuevo León', 'M', '1', '2020-03-24', '07:22:45', '1');
INSERT INTO `datos` VALUES ('42', '1340', 'Judith Guadalupe', 'Zamarripa', 'Villanueva', '2016-04-18', 'jzv1340@itlinares.edu.mx', 'ZAVJ980418MNLMLD03', 'Hidalgo 506 Oriente  #  Colonia Centro  - Hualahuises  , Nuevo León', 'F', '3', '2020-03-23', '14:05:31', '1');
INSERT INTO `datos` VALUES ('43', '1358', 'Yulisa', 'Luna', 'Rodriguez', '1997-12-18', 'ylr1358@itlinares.edu.mx', 'LURY971218MNLNDL06', 'Guadalupe Victoria 216 #  Colonia Fracc. Igncio Zaragoza  - Linares , Nuevo León', 'F', '1', '2020-03-23', '14:07:04', '1');
INSERT INTO `datos` VALUES ('44', '115', 'Pablo Adrian', 'Pérez', 'Briseño', '1984-05-03', 'paperez@itlinares.edu.mx', 'PEBP840305HNLRRB08', 'Calle ahuehuete #675 , Colonia Provileon', 'M', '4', '2020-03-23', '20:28:18', '1');
INSERT INTO `datos` VALUES ('45', '116', 'Silvia Guadalupe', 'Muñiz', 'Tienda', '1983-06-20', 'stienda@utl.edu.mx', 'MUTS830305HNLRRB08', 'Calle ahuehuete #675 , Colonia Provileon', 'F', '4', '2020-03-23', '14:07:22', '1');
INSERT INTO `datos` VALUES ('46', '117', 'Víctor Hugo', 'Perez', 'Briseño', '1986-04-18', 'victor@utl.edu.mx', 'PEBP840305HNLRRB08', 'Calle B juares colonia ca,ahcho', 'M', '1', '2020-03-23', '22:05:32', '1');
INSERT INTO `datos` VALUES ('47', '1569', 'José Manuel', 'Rosales', 'Bravó', '1988-03-03', 'jose@saludnl.gob.mx', 'PEBP840305HNLRRB08', 'Calle Juares # 589 Colonia Arboledas', 'M', '4', '2020-03-24', '09:07:07', '1');
INSERT INTO `datos` VALUES ('48', '915', 'Adolfo', 'Viera', 'Meléndez', '1998-11-09', 'adolf.98vmz@gmail.com', 'VIMA981109HNLRLD06', 'Palma 220', 'M', '1', '2020-04-02', '19:55:00', '1');
INSERT INTO `datos` VALUES ('49', '489', 'Federico', 'Viera', 'Decida', '1968-10-01', 'fdecida@hotmail.com', 'FIDE681001HNLRLD09', 'Palma 220', 'M', '4', '2020-05-16', '14:25:25', '1');
INSERT INTO `datos` VALUES ('51', '6', 'Jose Luis', 'Plata', 'Santos', '1996-08-15', 'jlplata@gmail.com', 'PASJ980815HNLRLD02', 'Morelos', 'M', '2', '2020-05-27', '12:00:15', '1');
INSERT INTO `datos` VALUES ('52', '9', 'Jesus Salvador', 'Rodriguez', 'Oyervides', '1996-05-15', 'chuy@gmail.com', 'ROOJ960515HNLRLD08', 'Morelos', 'M', '2', '2020-05-27', '21:07:18', '1');

-- ----------------------------
-- Table structure for ecivil
-- ----------------------------
DROP TABLE IF EXISTS `ecivil`;
CREATE TABLE `ecivil` (
  `id_ecivil` int(11) NOT NULL auto_increment,
  `descripcion` text,
  `fecha_registro` date default NULL,
  `hora_registro` time default NULL,
  `activo` tinyint(4) default NULL,
  PRIMARY KEY  (`id_ecivil`)
) ENGINE=MyISAM AUTO_INCREMENT=16 DEFAULT CHARSET=utf8;

-- ----------------------------
-- Records of ecivil
-- ----------------------------
INSERT INTO `ecivil` VALUES ('1', 'Solter@', '2020-03-20', '11:26:32', '1');
INSERT INTO `ecivil` VALUES ('2', 'Comprometid@', '2020-03-20', '11:26:32', '1');
INSERT INTO `ecivil` VALUES ('3', 'En Relación', '2020-03-20', '11:26:32', '1');
INSERT INTO `ecivil` VALUES ('4', 'Casad@', '2020-03-20', '11:26:32', '1');
INSERT INTO `ecivil` VALUES ('5', 'Unión libre', '2020-03-20', '11:26:32', '1');
INSERT INTO `ecivil` VALUES ('6', 'Separad@', '2020-03-20', '11:26:32', '1');
INSERT INTO `ecivil` VALUES ('7', 'Divorciad@', '2020-03-20', '11:26:32', '1');
INSERT INTO `ecivil` VALUES ('8', 'Viud@', '2020-03-30', '14:08:10', '1');
INSERT INTO `ecivil` VALUES ('9', 'Otros', '2020-03-31', '13:11:18', '1');

-- ----------------------------
-- Table structure for horarios
-- ----------------------------
DROP TABLE IF EXISTS `horarios`;
CREATE TABLE `horarios` (
  `id_horario` int(11) NOT NULL auto_increment,
  `id_datos_persona` int(11) default NULL,
  `turno` text,
  `l_entrada` time default NULL,
  `l_salida` time default NULL,
  `m_entrada` time default NULL,
  `m_salida` time default NULL,
  `mi_entrada` time default NULL,
  `mi_salida` time default NULL,
  `j_entrada` time default NULL,
  `j_salida` time default NULL,
  `v_entrada` time default NULL,
  `v_salida` time default NULL,
  `s_entrada` time default NULL,
  `s_salida` time default NULL,
  `d_entrada` time default NULL,
  `d_salida` time default NULL,
  `fecha_registro` date default NULL,
  `hora_registro` time default NULL,
  PRIMARY KEY  (`id_horario`)
) ENGINE=MyISAM AUTO_INCREMENT=11 DEFAULT CHARSET=utf8;

-- ----------------------------
-- Records of horarios
-- ----------------------------
INSERT INTO `horarios` VALUES ('1', '48', 'Nocturno', '18:00:00', '00:00:00', '18:00:00', '00:00:00', '18:00:00', '00:00:00', '18:00:00', '00:00:00', '18:00:00', '00:00:00', '00:00:00', '00:00:00', '00:00:00', '00:00:00', '2020-04-17', '21:46:46');
INSERT INTO `horarios` VALUES ('4', '45', 'Especial', '01:00:00', '03:00:00', '01:00:00', '03:00:00', '01:00:00', '09:00:00', '05:20:00', '20:00:00', '02:00:00', '06:00:00', '04:00:00', '05:00:00', '04:00:00', '05:00:00', '2020-04-17', '22:04:43');
INSERT INTO `horarios` VALUES ('2', '47', 'Matutino', '06:00:00', '12:00:00', '06:00:00', '12:00:00', '06:00:00', '12:00:00', '06:00:00', '12:00:00', '06:00:00', '12:00:00', '00:00:00', '00:00:00', '00:00:00', '00:00:00', '2020-04-17', '20:22:25');
INSERT INTO `horarios` VALUES ('3', '46', 'Vespertino', '12:00:00', '18:00:00', '12:00:00', '18:00:00', '12:00:00', '18:00:00', '12:00:00', '18:00:00', '12:00:00', '18:00:00', '00:00:00', '00:00:00', '00:00:00', '00:00:00', '2020-04-17', '21:20:27');
INSERT INTO `horarios` VALUES ('5', '44', 'Especial', '01:00:00', '05:00:00', '01:00:00', '05:00:00', '01:00:00', '05:00:00', '01:00:00', '05:00:00', '01:00:00', '05:00:00', '01:00:00', '05:00:00', '01:00:00', '07:00:00', '2020-04-17', '22:11:12');
INSERT INTO `horarios` VALUES ('6', '49', 'Vespertino', '12:00:00', '18:00:00', '12:00:00', '18:00:00', '12:00:00', '18:00:00', '12:00:00', '18:00:00', '12:00:00', '18:00:00', '00:00:00', '00:00:00', '00:00:00', '00:00:00', '2020-05-21', '23:07:12');
INSERT INTO `horarios` VALUES ('7', '51', 'Matutino', '06:00:00', '12:00:00', '06:00:00', '12:00:00', '06:00:00', '12:00:00', '06:00:00', '12:00:00', '06:00:00', '12:00:00', '00:00:00', '00:00:00', '00:00:00', '00:00:00', '2020-05-29', '12:44:40');
INSERT INTO `horarios` VALUES ('8', '52', 'Nocturno', '18:00:00', '00:00:00', '18:00:00', '00:00:00', '18:00:00', '00:00:00', '18:00:00', '00:00:00', '18:00:00', '00:00:00', '00:00:00', '00:00:00', '00:00:00', '00:00:00', '2020-06-01', '19:57:38');
INSERT INTO `horarios` VALUES ('9', '43', 'Vespertino', '12:00:00', '18:00:00', '12:00:00', '18:00:00', '12:00:00', '18:00:00', '12:00:00', '18:00:00', '12:00:00', '18:00:00', '00:00:00', '00:00:00', '00:00:00', '00:00:00', '2020-06-01', '19:57:49');
INSERT INTO `horarios` VALUES ('10', '42', 'Matutino', '06:00:00', '12:00:00', '06:00:00', '12:00:00', '06:00:00', '12:00:00', '06:00:00', '12:00:00', '06:00:00', '12:00:00', '00:00:00', '00:00:00', '00:00:00', '00:00:00', '2020-06-01', '19:57:54');

-- ----------------------------
-- Table structure for log
-- ----------------------------
DROP TABLE IF EXISTS `log`;
CREATE TABLE `log` (
  `id_log` int(11) NOT NULL auto_increment,
  `actividad` text,
  `usuario_ejecuta` int(11) default NULL,
  `fecha_registro` date default NULL,
  `hora_registro` time default NULL,
  PRIMARY KEY  (`id_log`)
) ENGINE=MyISAM AUTO_INCREMENT=1482 DEFAULT CHARSET=utf8;

-- ----------------------------
-- Records of log
-- ----------------------------
INSERT INTO `log` VALUES ('1', 'Ingreso al sistema', '1', '2020-03-31', '15:27:32');
INSERT INTO `log` VALUES ('2', 'Ha cambiado al tema ITLinares', '1', '2020-03-31', '15:28:12');
INSERT INTO `log` VALUES ('3', 'Ha cambiado al tema Azul Britanico', '1', '2020-03-31', '15:28:15');
INSERT INTO `log` VALUES ('4', 'Ha cambiado al tema German Team', '1', '2020-03-31', '15:28:21');
INSERT INTO `log` VALUES ('5', 'Ha cambiado al tema UTLinares', '1', '2020-03-31', '15:28:27');
INSERT INTO `log` VALUES ('6', 'Ha cambiado al tema Warning Bootstrap', '1', '2020-03-31', '15:28:31');
INSERT INTO `log` VALUES ('7', 'Ha cambiado al tema Hospital Linares', '1', '2020-03-31', '15:28:35');
INSERT INTO `log` VALUES ('8', 'Ha cambiado al tema CHyP', '1', '2020-03-31', '15:28:41');
INSERT INTO `log` VALUES ('9', 'Ha cambiado al tema ITLinares Alternativo', '1', '2020-03-31', '15:28:48');
INSERT INTO `log` VALUES ('10', 'Se insertado un nuevo registro a la tabla Datos Personales', '1', '2020-03-31', '16:21:18');
INSERT INTO `log` VALUES ('11', 'Ha cambiado al tema Azul Britanico', '1', '2020-03-31', '16:24:33');
INSERT INTO `log` VALUES ('12', 'Ingreso al sistema', '1', '2020-03-31', '16:26:45');
INSERT INTO `log` VALUES ('13', 'Ha cambiado al tema NegroRojo', '1', '2020-03-31', '16:26:51');
INSERT INTO `log` VALUES ('14', 'Ingreso al sistema', '1', '2020-03-31', '16:27:08');
INSERT INTO `log` VALUES ('15', 'Ha cambiado al tema Azul Britanico', '1', '2020-03-31', '16:27:16');
INSERT INTO `log` VALUES ('16', 'Ha cambiado al tema CHyP', '1', '2020-03-31', '16:27:19');
INSERT INTO `log` VALUES ('17', 'Ha cambiado al tema German Team', '1', '2020-03-31', '16:27:22');
INSERT INTO `log` VALUES ('18', 'Ha cambiado al tema ITLinares Alternativo', '1', '2020-03-31', '16:27:29');
INSERT INTO `log` VALUES ('19', 'Ha cambiado al tema NegroRojo', '1', '2020-03-31', '16:27:33');
INSERT INTO `log` VALUES ('20', 'Ingreso al sistema', '1', '2020-03-31', '16:27:58');
INSERT INTO `log` VALUES ('21', 'Ingreso al sistema', '1', '2020-03-31', '16:28:09');
INSERT INTO `log` VALUES ('22', 'Ha cambiado al tema Warning Bootstrap', '1', '2020-03-31', '16:30:03');
INSERT INTO `log` VALUES ('23', 'Ha cambiado al tema NegroRojo', '1', '2020-03-31', '16:30:11');
INSERT INTO `log` VALUES ('24', 'Ingreso al sistema', '3', '2020-03-31', '16:32:17');
INSERT INTO `log` VALUES ('25', 'Ingreso al sistema', '3', '2020-03-31', '16:32:34');
INSERT INTO `log` VALUES ('26', 'Ha cambiado al tema Azul Britanico', '3', '2020-03-31', '16:33:49');
INSERT INTO `log` VALUES ('27', 'Ingreso al sistema', '3', '2020-03-31', '16:35:18');
INSERT INTO `log` VALUES ('28', 'Ha cambiado al tema NegroRojo', '3', '2020-03-31', '16:35:28');
INSERT INTO `log` VALUES ('29', 'Ha cambiado al tema Azul Britanico', '3', '2020-03-31', '16:36:19');
INSERT INTO `log` VALUES ('30', 'Ingreso al sistema', '3', '2020-03-31', '16:36:41');
INSERT INTO `log` VALUES ('31', 'Ha cambiado al tema NegroRojo', '3', '2020-03-31', '16:36:50');
INSERT INTO `log` VALUES ('32', 'Ha cambiado al tema NegroRojo', '3', '2020-03-31', '16:42:12');
INSERT INTO `log` VALUES ('33', 'Ingreso al sistema', '3', '2020-04-02', '03:20:20');
INSERT INTO `log` VALUES ('34', 'Salio del sistema', '3', '2020-04-02', '17:04:04');
INSERT INTO `log` VALUES ('35', 'Ingreso al sistema', '3', '2020-04-02', '18:13:18');
INSERT INTO `log` VALUES ('36', 'Salio del sistema', '3', '2020-04-02', '18:13:52');
INSERT INTO `log` VALUES ('37', 'Ingreso al sistema', '3', '2020-04-02', '18:46:53');
INSERT INTO `log` VALUES ('38', 'Salio del sistema', '3', '2020-04-02', '18:47:18');
INSERT INTO `log` VALUES ('39', 'Ingreso al sistema', '3', '2020-04-02', '19:54:50');
INSERT INTO `log` VALUES ('40', 'Se ha desactivado un registro de la tabla tabla Datos Personales', '3', '2020-04-02', '19:54:59');
INSERT INTO `log` VALUES ('41', 'Se ha reactivado un registro de la tabla tabla Datos Personales', '3', '2020-04-02', '19:55:00');
INSERT INTO `log` VALUES ('42', 'Salio del sistema', '3', '2020-04-02', '19:57:55');
INSERT INTO `log` VALUES ('43', 'Ingreso al sistema', '3', '2020-04-02', '20:25:34');
INSERT INTO `log` VALUES ('44', 'Salio del sistema', '3', '2020-04-02', '20:28:21');
INSERT INTO `log` VALUES ('45', 'Ingreso al sistema', '3', '2020-04-02', '20:28:33');
INSERT INTO `log` VALUES ('46', 'Salio del sistema', '3', '2020-04-02', '20:29:03');
INSERT INTO `log` VALUES ('47', 'Salio del sistema', '3', '2020-04-02', '20:50:27');
INSERT INTO `log` VALUES ('48', 'Ingreso al sistema', '3', '2020-04-02', '20:50:42');
INSERT INTO `log` VALUES ('49', 'Salio del sistema', '3', '2020-04-02', '20:54:19');
INSERT INTO `log` VALUES ('50', 'Salio del sistema', '3', '2020-04-02', '20:57:36');
INSERT INTO `log` VALUES ('51', 'Salio del sistema', '3', '2020-04-02', '21:00:44');
INSERT INTO `log` VALUES ('52', 'Salio del sistema', '3', '2020-04-02', '21:01:28');
INSERT INTO `log` VALUES ('53', 'Salio del sistema', '3', '2020-04-02', '21:06:09');
INSERT INTO `log` VALUES ('54', 'Ingreso al sistema', '3', '2020-04-02', '21:07:28');
INSERT INTO `log` VALUES ('55', 'Salio del sistema', '3', '2020-04-02', '21:07:33');
INSERT INTO `log` VALUES ('56', 'Salio del sistema', '3', '2020-04-02', '21:08:12');
INSERT INTO `log` VALUES ('57', 'Ingreso al sistema', '3', '2020-04-02', '21:08:26');
INSERT INTO `log` VALUES ('58', 'Salio del sistema', '3', '2020-04-02', '21:08:32');
INSERT INTO `log` VALUES ('59', 'Salio del sistema', '3', '2020-04-02', '21:14:53');
INSERT INTO `log` VALUES ('60', 'Ingreso al sistema', '3', '2020-04-02', '22:38:09');
INSERT INTO `log` VALUES ('61', 'Salio del sistema', '3', '2020-04-02', '22:42:19');
INSERT INTO `log` VALUES ('62', 'Salio del sistema', '3', '2020-04-02', '23:16:58');
INSERT INTO `log` VALUES ('63', 'Ingreso al sistema', '3', '2020-04-02', '23:17:08');
INSERT INTO `log` VALUES ('64', 'Salio del sistema', '3', '2020-04-02', '23:17:18');
INSERT INTO `log` VALUES ('65', 'Ingreso al sistema', '3', '2020-04-02', '23:18:08');
INSERT INTO `log` VALUES ('66', 'Salio del sistema', '3', '2020-04-02', '23:18:18');
INSERT INTO `log` VALUES ('67', 'Salio del sistema', '3', '2020-04-02', '23:18:43');
INSERT INTO `log` VALUES ('68', 'Salio del sistema', '3', '2020-04-02', '23:20:53');
INSERT INTO `log` VALUES ('69', 'Ingreso al sistema', '3', '2020-04-02', '23:22:05');
INSERT INTO `log` VALUES ('70', 'Salio del sistema', '3', '2020-04-02', '23:22:12');
INSERT INTO `log` VALUES ('71', 'Salio del sistema', '3', '2020-04-02', '23:23:03');
INSERT INTO `log` VALUES ('72', 'Ingreso al sistema', '3', '2020-04-02', '23:23:22');
INSERT INTO `log` VALUES ('73', 'Salio del sistema', '3', '2020-04-02', '23:23:33');
INSERT INTO `log` VALUES ('74', 'Ingreso al sistema', '3', '2020-04-02', '23:26:57');
INSERT INTO `log` VALUES ('75', 'Salio del sistema', '3', '2020-04-02', '23:27:09');
INSERT INTO `log` VALUES ('76', 'Salio del sistema', '3', '2020-04-02', '23:30:52');
INSERT INTO `log` VALUES ('77', 'Ingreso al sistema', '3', '2020-04-03', '15:16:37');
INSERT INTO `log` VALUES ('78', 'Salio del sistema', '3', '2020-04-03', '15:16:43');
INSERT INTO `log` VALUES ('79', 'Salio del sistema', '3', '2020-04-03', '15:17:21');
INSERT INTO `log` VALUES ('80', 'Ingreso al sistema', '3', '2020-04-03', '15:20:28');
INSERT INTO `log` VALUES ('81', 'Salio del sistema', '3', '2020-04-03', '15:20:33');
INSERT INTO `log` VALUES ('82', 'Ingreso al sistema', '3', '2020-04-03', '15:21:18');
INSERT INTO `log` VALUES ('83', 'Salio del sistema', '3', '2020-04-03', '15:21:23');
INSERT INTO `log` VALUES ('84', 'Ingreso al sistema', '3', '2020-04-03', '15:23:35');
INSERT INTO `log` VALUES ('85', 'Salio del sistema', '3', '2020-04-03', '15:23:43');
INSERT INTO `log` VALUES ('86', 'Ingreso al sistema', '3', '2020-04-03', '15:40:35');
INSERT INTO `log` VALUES ('87', 'Salio del sistema', '3', '2020-04-03', '15:40:40');
INSERT INTO `log` VALUES ('88', 'Ingreso al sistema', '3', '2020-04-03', '16:09:15');
INSERT INTO `log` VALUES ('89', 'Salio del sistema', '3', '2020-04-03', '16:09:21');
INSERT INTO `log` VALUES ('90', 'Ingreso al sistema', '3', '2020-04-03', '16:10:02');
INSERT INTO `log` VALUES ('91', 'Ingreso al sistema', '3', '2020-04-03', '16:34:57');
INSERT INTO `log` VALUES ('92', 'Ingreso al sistema', '3', '2020-04-03', '16:41:24');
INSERT INTO `log` VALUES ('93', 'Ingreso al sistema', '3', '2020-04-03', '16:45:34');
INSERT INTO `log` VALUES ('94', 'Ha cambiado al tema NegroRojo', '3', '2020-04-03', '16:46:00');
INSERT INTO `log` VALUES ('95', 'Ingreso al sistema', '3', '2020-04-03', '16:49:43');
INSERT INTO `log` VALUES ('96', 'Ha cambiado al tema German Team', '3', '2020-04-03', '16:49:49');
INSERT INTO `log` VALUES ('97', 'Ha cambiado al tema NegroRojo', '3', '2020-04-03', '16:49:54');
INSERT INTO `log` VALUES ('98', 'Ingreso al sistema', '3', '2020-04-03', '16:53:20');
INSERT INTO `log` VALUES ('99', 'Ha cambiado al tema Cool', '3', '2020-04-03', '16:53:25');
INSERT INTO `log` VALUES ('100', 'Ingreso al sistema', '3', '2020-04-03', '17:11:51');
INSERT INTO `log` VALUES ('101', 'Ingreso al sistema', '3', '2020-04-03', '17:15:13');
INSERT INTO `log` VALUES ('102', 'Ha cambiado al tema Pog', '3', '2020-04-03', '17:15:20');
INSERT INTO `log` VALUES ('103', 'Ingreso al sistema', '3', '2020-04-03', '17:16:06');
INSERT INTO `log` VALUES ('104', 'Ingreso al sistema', '3', '2020-04-03', '17:17:12');
INSERT INTO `log` VALUES ('105', 'Ingreso al sistema', '3', '2020-04-03', '17:18:50');
INSERT INTO `log` VALUES ('106', 'Ingreso al sistema', '3', '2020-04-03', '17:19:33');
INSERT INTO `log` VALUES ('107', 'Ha cambiado al tema Azul Britanico', '3', '2020-04-03', '17:19:42');
INSERT INTO `log` VALUES ('108', 'Ha cambiado al tema CHyP', '3', '2020-04-03', '17:19:46');
INSERT INTO `log` VALUES ('109', 'Ha cambiado al tema Cool', '3', '2020-04-03', '17:19:49');
INSERT INTO `log` VALUES ('110', 'Ha cambiado al tema German Team', '3', '2020-04-03', '17:19:53');
INSERT INTO `log` VALUES ('111', 'Ha cambiado al tema Hospital Linares', '3', '2020-04-03', '17:19:56');
INSERT INTO `log` VALUES ('112', 'Ha cambiado al tema ITLinares', '3', '2020-04-03', '17:20:00');
INSERT INTO `log` VALUES ('113', 'Ha cambiado al tema ITLinares Alternativo', '3', '2020-04-03', '17:20:04');
INSERT INTO `log` VALUES ('114', 'Ha cambiado al tema ITLinares Alternativo', '3', '2020-04-03', '17:20:07');
INSERT INTO `log` VALUES ('115', 'Ha cambiado al tema Obscuro Clasico', '3', '2020-04-03', '17:20:10');
INSERT INTO `log` VALUES ('116', 'Ha cambiado al tema Pog', '3', '2020-04-03', '17:20:15');
INSERT INTO `log` VALUES ('117', 'Ingreso al sistema', '3', '2020-04-03', '17:20:41');
INSERT INTO `log` VALUES ('118', 'Ha cambiado al tema Adolfo', '3', '2020-04-03', '17:20:48');
INSERT INTO `log` VALUES ('119', 'Ingreso al sistema', '3', '2020-04-04', '19:17:07');
INSERT INTO `log` VALUES ('120', 'Ha cambiado al tema Chopes', '3', '2020-04-04', '19:17:17');
INSERT INTO `log` VALUES ('121', 'Ha cambiado al tema Cool', '3', '2020-04-04', '19:17:24');
INSERT INTO `log` VALUES ('122', 'Ha cambiado al tema Dark Green', '3', '2020-04-04', '19:17:29');
INSERT INTO `log` VALUES ('123', 'Ha cambiado al tema Grey and Blue', '3', '2020-04-04', '19:17:39');
INSERT INTO `log` VALUES ('124', 'Ha cambiado al tema Night', '3', '2020-04-04', '19:17:47');
INSERT INTO `log` VALUES ('125', 'Ha cambiado al tema Valgame', '3', '2020-04-04', '19:17:54');
INSERT INTO `log` VALUES ('126', 'Ha cambiado al tema Oscuro', '3', '2020-04-04', '19:17:57');
INSERT INTO `log` VALUES ('127', 'Ha cambiado al tema Snarky', '3', '2020-04-04', '19:18:04');
INSERT INTO `log` VALUES ('128', 'Ha cambiado al tema Valgame', '3', '2020-04-04', '19:18:10');
INSERT INTO `log` VALUES ('129', 'Ha cambiado al tema Chopes', '3', '2020-04-04', '19:18:22');
INSERT INTO `log` VALUES ('130', 'Ha cambiado al tema Dark Green', '3', '2020-04-04', '19:18:34');
INSERT INTO `log` VALUES ('131', 'Ha cambiado al tema Snarky', '3', '2020-04-04', '19:20:34');
INSERT INTO `log` VALUES ('132', 'Ha cambiado al tema Night', '3', '2020-04-04', '19:20:49');
INSERT INTO `log` VALUES ('133', 'Ha cambiado al tema Grey and Blue', '3', '2020-04-04', '19:21:03');
INSERT INTO `log` VALUES ('134', 'Ha cambiado al tema Chopes', '3', '2020-04-04', '19:21:07');
INSERT INTO `log` VALUES ('135', 'Ha cambiado al tema Dark Green', '3', '2020-04-04', '19:21:18');
INSERT INTO `log` VALUES ('136', 'Ha cambiado al tema Adolfo', '3', '2020-04-04', '19:24:22');
INSERT INTO `log` VALUES ('137', 'Ingreso al sistema', '3', '2020-04-04', '19:29:15');
INSERT INTO `log` VALUES ('138', 'Ha cambiado al tema Dark Green', '3', '2020-04-04', '19:29:21');
INSERT INTO `log` VALUES ('139', 'Ingreso al sistema', '3', '2020-04-06', '20:03:10');
INSERT INTO `log` VALUES ('140', 'Ha cambiado al tema Adolfo', '3', '2020-04-06', '20:03:15');
INSERT INTO `log` VALUES ('141', 'Salio del sistema', '3', '2020-04-06', '20:10:01');
INSERT INTO `log` VALUES ('142', 'Ingreso al sistema', '3', '2020-04-06', '20:15:04');
INSERT INTO `log` VALUES ('143', 'Ingreso al sistema', '3', '2020-04-06', '20:20:09');
INSERT INTO `log` VALUES ('144', 'Ingreso al sistema', '3', '2020-04-06', '20:21:27');
INSERT INTO `log` VALUES ('145', 'Ingreso al sistema', '3', '2020-04-06', '20:23:07');
INSERT INTO `log` VALUES ('146', 'Ingreso al sistema', '3', '2020-04-06', '20:23:22');
INSERT INTO `log` VALUES ('147', 'Ingreso al sistema', '3', '2020-04-06', '20:34:15');
INSERT INTO `log` VALUES ('148', 'Ingreso al sistema', '3', '2020-04-06', '20:35:49');
INSERT INTO `log` VALUES ('149', 'Ingreso al sistema', '3', '2020-04-06', '20:39:38');
INSERT INTO `log` VALUES ('150', 'Ingreso al sistema', '3', '2020-04-06', '20:42:42');
INSERT INTO `log` VALUES ('151', 'Ingreso al sistema', '3', '2020-04-06', '20:43:24');
INSERT INTO `log` VALUES ('152', 'Ingreso al sistema', '3', '2020-04-06', '20:44:02');
INSERT INTO `log` VALUES ('153', 'Ingreso al sistema', '3', '2020-04-06', '20:55:52');
INSERT INTO `log` VALUES ('154', 'Ingreso al sistema', '3', '2020-04-13', '17:12:16');
INSERT INTO `log` VALUES ('155', 'Ha cambiado al tema Azul Britanico', '3', '2020-04-13', '17:12:22');
INSERT INTO `log` VALUES ('156', 'Ha cambiado al tema Chopes', '3', '2020-04-13', '17:12:26');
INSERT INTO `log` VALUES ('157', 'Ha cambiado al tema Chopes', '3', '2020-04-13', '17:12:30');
INSERT INTO `log` VALUES ('158', 'Ha cambiado al tema Azul Britanico', '3', '2020-04-13', '17:12:33');
INSERT INTO `log` VALUES ('159', 'Ha cambiado al tema Hospital Linares', '3', '2020-04-13', '17:12:36');
INSERT INTO `log` VALUES ('160', 'Ha cambiado al tema Adolfo', '3', '2020-04-13', '17:12:51');
INSERT INTO `log` VALUES ('161', 'Ha cambiado al tema Adolfo', '3', '2020-04-13', '17:12:54');
INSERT INTO `log` VALUES ('162', 'Ha cambiado al tema Adolfo', '3', '2020-04-13', '17:12:57');
INSERT INTO `log` VALUES ('163', 'Ha cambiado al tema Chopes', '3', '2020-04-13', '17:13:00');
INSERT INTO `log` VALUES ('164', 'Ha cambiado al tema Azul Britanico', '3', '2020-04-13', '17:13:03');
INSERT INTO `log` VALUES ('165', 'Ha cambiado al tema Grey and Blue', '3', '2020-04-13', '17:13:06');
INSERT INTO `log` VALUES ('166', 'Ha cambiado al tema Adolfo', '3', '2020-04-13', '17:13:50');
INSERT INTO `log` VALUES ('167', 'Ha cambiado al tema Azul Britanico', '3', '2020-04-13', '17:14:34');
INSERT INTO `log` VALUES ('168', 'Ha cambiado al tema Chopes', '3', '2020-04-13', '17:14:37');
INSERT INTO `log` VALUES ('169', 'Ha cambiado al tema Grey and Blue', '3', '2020-04-13', '17:14:40');
INSERT INTO `log` VALUES ('170', 'Ha cambiado al tema Night', '3', '2020-04-13', '17:14:42');
INSERT INTO `log` VALUES ('171', 'Ha cambiado al tema Adolfo', '3', '2020-04-13', '17:14:45');
INSERT INTO `log` VALUES ('172', 'Ingreso al sistema', '3', '2020-04-15', '16:37:12');
INSERT INTO `log` VALUES ('173', 'Ha cambiado al tema Adolfo', '3', '2020-04-15', '16:37:16');
INSERT INTO `log` VALUES ('174', 'Ha cambiado al tema Azul Britanico', '3', '2020-04-15', '16:37:18');
INSERT INTO `log` VALUES ('175', 'Ingreso al sistema', '3', '2020-04-15', '17:21:22');
INSERT INTO `log` VALUES ('176', 'Ha cambiado al tema Adolfo', '3', '2020-04-15', '17:24:12');
INSERT INTO `log` VALUES ('177', 'Ha cambiado al tema Chopes', '3', '2020-04-15', '17:24:14');
INSERT INTO `log` VALUES ('178', 'Ha cambiado al tema Azul Britanico', '3', '2020-04-15', '17:24:16');
INSERT INTO `log` VALUES ('179', 'Ha cambiado al tema Cool', '3', '2020-04-15', '17:24:18');
INSERT INTO `log` VALUES ('180', 'Ha cambiado al tema German Team', '3', '2020-04-15', '17:24:20');
INSERT INTO `log` VALUES ('181', 'Ha cambiado al tema Grey and Blue', '3', '2020-04-15', '17:24:22');
INSERT INTO `log` VALUES ('182', 'Ha cambiado al tema Azul Britanico', '3', '2020-04-15', '17:24:24');
INSERT INTO `log` VALUES ('183', 'Ingreso al sistema', '3', '2020-04-15', '18:20:39');
INSERT INTO `log` VALUES ('184', 'Ingreso al sistema', '3', '2020-04-15', '18:56:13');
INSERT INTO `log` VALUES ('185', 'Ingreso al sistema', '3', '2020-04-15', '18:56:49');
INSERT INTO `log` VALUES ('186', 'Ingreso al sistema', '3', '2020-04-15', '19:43:20');
INSERT INTO `log` VALUES ('187', 'Ingreso al sistema', '3', '2020-04-15', '19:45:05');
INSERT INTO `log` VALUES ('188', 'Ingreso al sistema', '3', '2020-04-15', '19:45:49');
INSERT INTO `log` VALUES ('189', 'Ingreso al sistema', '3', '2020-04-15', '19:53:33');
INSERT INTO `log` VALUES ('190', 'Ingreso al sistema', '3', '2020-04-15', '19:58:19');
INSERT INTO `log` VALUES ('191', 'Ingreso al sistema', '3', '2020-04-15', '19:59:05');
INSERT INTO `log` VALUES ('192', 'Ingreso al sistema', '3', '2020-04-15', '20:00:20');
INSERT INTO `log` VALUES ('193', 'Ingreso al sistema', '3', '2020-04-15', '20:00:42');
INSERT INTO `log` VALUES ('194', 'Ingreso al sistema', '3', '2020-04-15', '20:01:22');
INSERT INTO `log` VALUES ('195', 'Ingreso al sistema', '3', '2020-04-15', '20:01:46');
INSERT INTO `log` VALUES ('196', 'Ingreso al sistema', '3', '2020-04-15', '20:02:11');
INSERT INTO `log` VALUES ('197', 'Salio del sistema', '3', '2020-04-15', '20:08:44');
INSERT INTO `log` VALUES ('198', 'Ingreso al sistema', '3', '2020-04-15', '20:08:53');
INSERT INTO `log` VALUES ('199', 'Ingreso al sistema', '3', '2020-04-15', '20:23:47');
INSERT INTO `log` VALUES ('200', 'Ingreso al sistema', '3', '2020-04-15', '20:25:50');
INSERT INTO `log` VALUES ('201', 'Ingreso al sistema', '3', '2020-04-15', '20:28:48');
INSERT INTO `log` VALUES ('202', 'Ingreso al sistema', '3', '2020-04-15', '20:30:26');
INSERT INTO `log` VALUES ('203', 'Ingreso al sistema', '3', '2020-04-15', '20:39:09');
INSERT INTO `log` VALUES ('204', 'Ingreso al sistema', '3', '2020-04-15', '20:41:13');
INSERT INTO `log` VALUES ('205', 'Ingreso al sistema', '3', '2020-04-15', '20:43:36');
INSERT INTO `log` VALUES ('206', 'Ingreso al sistema', '3', '2020-04-15', '20:58:00');
INSERT INTO `log` VALUES ('207', 'Ingreso al sistema', '3', '2020-04-15', '20:58:25');
INSERT INTO `log` VALUES ('208', 'Ingreso al sistema', '3', '2020-04-15', '20:59:01');
INSERT INTO `log` VALUES ('209', 'Ingreso al sistema', '3', '2020-04-15', '21:24:45');
INSERT INTO `log` VALUES ('210', 'Ingreso al sistema', '3', '2020-04-15', '21:25:59');
INSERT INTO `log` VALUES ('211', 'Ingreso al sistema', '3', '2020-04-15', '21:26:46');
INSERT INTO `log` VALUES ('212', 'Ingreso al sistema', '3', '2020-04-15', '21:31:38');
INSERT INTO `log` VALUES ('213', 'Ingreso al sistema', '3', '2020-04-15', '21:31:58');
INSERT INTO `log` VALUES ('214', 'Ingreso al sistema', '3', '2020-04-15', '22:17:02');
INSERT INTO `log` VALUES ('215', 'Ingreso al sistema', '3', '2020-04-15', '22:19:39');
INSERT INTO `log` VALUES ('216', 'Ingreso al sistema', '3', '2020-04-15', '22:20:09');
INSERT INTO `log` VALUES ('217', 'Ingreso al sistema', '3', '2020-04-15', '22:23:24');
INSERT INTO `log` VALUES ('218', 'Ingreso al sistema', '3', '2020-04-15', '22:44:58');
INSERT INTO `log` VALUES ('219', 'Ingreso al sistema', '3', '2020-04-15', '23:03:42');
INSERT INTO `log` VALUES ('220', 'Ingreso al sistema', '3', '2020-04-15', '23:16:37');
INSERT INTO `log` VALUES ('221', 'Ingreso al sistema', '3', '2020-04-15', '23:16:55');
INSERT INTO `log` VALUES ('222', 'Ingreso al sistema', '3', '2020-04-15', '23:17:13');
INSERT INTO `log` VALUES ('223', 'Ingreso al sistema', '3', '2020-04-15', '23:18:15');
INSERT INTO `log` VALUES ('224', 'Ingreso al sistema', '3', '2020-04-15', '23:18:30');
INSERT INTO `log` VALUES ('225', 'Ingreso al sistema', '3', '2020-04-15', '23:18:42');
INSERT INTO `log` VALUES ('226', 'Ingreso al sistema', '3', '2020-04-15', '23:24:41');
INSERT INTO `log` VALUES ('227', 'Ingreso al sistema', '3', '2020-04-15', '23:24:57');
INSERT INTO `log` VALUES ('228', 'Ingreso al sistema', '3', '2020-04-15', '23:30:24');
INSERT INTO `log` VALUES ('229', 'Ingreso al sistema', '3', '2020-04-15', '23:30:45');
INSERT INTO `log` VALUES ('230', 'Ingreso al sistema', '3', '2020-04-15', '23:31:17');
INSERT INTO `log` VALUES ('231', 'Ingreso al sistema', '3', '2020-04-15', '23:35:42');
INSERT INTO `log` VALUES ('232', 'Ingreso al sistema', '3', '2020-04-15', '23:38:58');
INSERT INTO `log` VALUES ('233', 'Ingreso al sistema', '3', '2020-04-15', '23:40:23');
INSERT INTO `log` VALUES ('234', 'Ingreso al sistema', '3', '2020-04-15', '23:43:07');
INSERT INTO `log` VALUES ('235', 'Ingreso al sistema', '3', '2020-04-15', '23:43:26');
INSERT INTO `log` VALUES ('236', 'Ingreso al sistema', '3', '2020-04-15', '23:45:58');
INSERT INTO `log` VALUES ('237', 'Ingreso al sistema', '3', '2020-04-15', '23:46:24');
INSERT INTO `log` VALUES ('238', 'Ingreso al sistema', '3', '2020-04-15', '23:46:42');
INSERT INTO `log` VALUES ('239', 'Ingreso al sistema', '3', '2020-04-16', '00:29:19');
INSERT INTO `log` VALUES ('240', 'Ingreso al sistema', '3', '2020-04-16', '00:34:09');
INSERT INTO `log` VALUES ('241', 'Ingreso al sistema', '3', '2020-04-16', '00:40:20');
INSERT INTO `log` VALUES ('242', 'Ingreso al sistema', '3', '2020-04-16', '00:42:27');
INSERT INTO `log` VALUES ('243', 'Ingreso al sistema', '3', '2020-04-16', '00:49:33');
INSERT INTO `log` VALUES ('244', 'Ingreso al sistema', '3', '2020-04-16', '00:53:09');
INSERT INTO `log` VALUES ('245', 'Ingreso al sistema', '3', '2020-04-16', '00:56:57');
INSERT INTO `log` VALUES ('246', 'Ingreso al sistema', '3', '2020-04-16', '01:02:53');
INSERT INTO `log` VALUES ('247', 'Ingreso al sistema', '3', '2020-04-16', '01:03:54');
INSERT INTO `log` VALUES ('248', 'Ingreso al sistema', '3', '2020-04-16', '01:07:01');
INSERT INTO `log` VALUES ('249', 'Ingreso al sistema', '3', '2020-04-16', '01:08:11');
INSERT INTO `log` VALUES ('250', 'Ingreso al sistema', '3', '2020-04-16', '01:10:09');
INSERT INTO `log` VALUES ('251', 'Ingreso al sistema', '3', '2020-04-16', '01:39:48');
INSERT INTO `log` VALUES ('252', 'Ingreso al sistema', '3', '2020-04-16', '01:42:02');
INSERT INTO `log` VALUES ('253', 'Ingreso al sistema', '3', '2020-04-16', '01:50:52');
INSERT INTO `log` VALUES ('254', 'Ingreso al sistema', '3', '2020-04-16', '18:25:48');
INSERT INTO `log` VALUES ('255', 'Ha cambiado al tema Adolfo', '3', '2020-04-16', '18:25:52');
INSERT INTO `log` VALUES ('256', 'Ingreso al sistema', '3', '2020-04-16', '18:28:22');
INSERT INTO `log` VALUES ('257', 'Ingreso al sistema', '3', '2020-04-16', '18:38:51');
INSERT INTO `log` VALUES ('258', 'Ingreso al sistema', '3', '2020-04-16', '18:45:26');
INSERT INTO `log` VALUES ('259', 'Ingreso al sistema', '3', '2020-04-16', '18:47:00');
INSERT INTO `log` VALUES ('260', 'Ingreso al sistema', '3', '2020-04-16', '18:47:15');
INSERT INTO `log` VALUES ('261', 'Ingreso al sistema', '3', '2020-04-16', '18:47:29');
INSERT INTO `log` VALUES ('262', 'Ingreso al sistema', '3', '2020-04-16', '18:48:55');
INSERT INTO `log` VALUES ('263', 'Ingreso al sistema', '3', '2020-04-16', '18:49:43');
INSERT INTO `log` VALUES ('264', 'Ingreso al sistema', '3', '2020-04-16', '18:50:04');
INSERT INTO `log` VALUES ('265', 'Ingreso al sistema', '3', '2020-04-16', '18:51:41');
INSERT INTO `log` VALUES ('266', 'Ingreso al sistema', '3', '2020-04-16', '18:52:27');
INSERT INTO `log` VALUES ('267', 'Ingreso al sistema', '3', '2020-04-16', '18:55:42');
INSERT INTO `log` VALUES ('268', 'Ingreso al sistema', '3', '2020-04-16', '18:59:42');
INSERT INTO `log` VALUES ('269', 'Ingreso al sistema', '3', '2020-04-16', '19:01:33');
INSERT INTO `log` VALUES ('270', 'Ingreso al sistema', '3', '2020-04-16', '19:02:33');
INSERT INTO `log` VALUES ('271', 'Ingreso al sistema', '3', '2020-04-16', '19:03:17');
INSERT INTO `log` VALUES ('272', 'Ingreso al sistema', '3', '2020-04-16', '19:04:00');
INSERT INTO `log` VALUES ('273', 'Ingreso al sistema', '3', '2020-04-16', '19:07:35');
INSERT INTO `log` VALUES ('274', 'Ingreso al sistema', '3', '2020-04-16', '19:08:27');
INSERT INTO `log` VALUES ('275', 'Ingreso al sistema', '3', '2020-04-16', '20:08:53');
INSERT INTO `log` VALUES ('276', 'Ingreso al sistema', '3', '2020-04-16', '20:27:19');
INSERT INTO `log` VALUES ('277', 'Ingreso al sistema', '3', '2020-04-16', '20:28:12');
INSERT INTO `log` VALUES ('278', 'Ingreso al sistema', '3', '2020-04-16', '20:31:55');
INSERT INTO `log` VALUES ('279', 'Ingreso al sistema', '3', '2020-04-16', '21:09:31');
INSERT INTO `log` VALUES ('280', 'Ingreso al sistema', '3', '2020-04-16', '21:37:48');
INSERT INTO `log` VALUES ('281', 'Ingreso al sistema', '3', '2020-04-16', '21:39:13');
INSERT INTO `log` VALUES ('282', 'Ingreso al sistema', '3', '2020-04-16', '21:41:16');
INSERT INTO `log` VALUES ('283', 'Ingreso al sistema', '3', '2020-04-16', '22:28:02');
INSERT INTO `log` VALUES ('284', 'Ingreso al sistema', '3', '2020-04-16', '22:28:34');
INSERT INTO `log` VALUES ('285', 'Ingreso al sistema', '3', '2020-04-16', '22:30:05');
INSERT INTO `log` VALUES ('286', 'Ingreso al sistema', '3', '2020-04-16', '22:33:12');
INSERT INTO `log` VALUES ('287', 'Ingreso al sistema', '3', '2020-04-16', '22:34:02');
INSERT INTO `log` VALUES ('288', 'Ingreso al sistema', '3', '2020-04-16', '22:35:28');
INSERT INTO `log` VALUES ('289', 'Ingreso al sistema', '3', '2020-04-16', '22:36:59');
INSERT INTO `log` VALUES ('290', 'Ingreso al sistema', '3', '2020-04-16', '22:38:10');
INSERT INTO `log` VALUES ('291', 'Ingreso al sistema', '3', '2020-04-16', '22:39:10');
INSERT INTO `log` VALUES ('292', 'Ingreso al sistema', '3', '2020-04-16', '22:41:40');
INSERT INTO `log` VALUES ('293', 'Ingreso al sistema', '3', '2020-04-16', '22:42:12');
INSERT INTO `log` VALUES ('294', 'Ingreso al sistema', '3', '2020-04-16', '23:24:31');
INSERT INTO `log` VALUES ('295', 'Ingreso al sistema', '3', '2020-04-16', '23:25:22');
INSERT INTO `log` VALUES ('296', 'Ingreso al sistema', '3', '2020-04-16', '23:28:36');
INSERT INTO `log` VALUES ('297', 'Ingreso al sistema', '3', '2020-04-16', '23:30:48');
INSERT INTO `log` VALUES ('298', 'Ingreso al sistema', '3', '2020-04-16', '23:32:35');
INSERT INTO `log` VALUES ('299', 'Ingreso al sistema', '3', '2020-04-16', '23:33:25');
INSERT INTO `log` VALUES ('300', 'Ingreso al sistema', '3', '2020-04-16', '23:37:39');
INSERT INTO `log` VALUES ('301', 'Ingreso al sistema', '3', '2020-04-16', '23:38:55');
INSERT INTO `log` VALUES ('302', 'Ingreso al sistema', '3', '2020-04-16', '23:39:50');
INSERT INTO `log` VALUES ('303', 'Ingreso al sistema', '3', '2020-04-16', '23:41:02');
INSERT INTO `log` VALUES ('304', 'Ingreso al sistema', '3', '2020-04-16', '23:42:47');
INSERT INTO `log` VALUES ('305', 'Ingreso al sistema', '3', '2020-04-16', '23:51:38');
INSERT INTO `log` VALUES ('306', 'Ingreso al sistema', '3', '2020-04-16', '23:54:17');
INSERT INTO `log` VALUES ('307', 'Ingreso al sistema', '3', '2020-04-16', '23:56:02');
INSERT INTO `log` VALUES ('308', 'Ingreso al sistema', '3', '2020-04-17', '00:13:43');
INSERT INTO `log` VALUES ('309', 'Ingreso al sistema', '3', '2020-04-17', '00:16:01');
INSERT INTO `log` VALUES ('310', 'Ingreso al sistema', '3', '2020-04-17', '00:19:01');
INSERT INTO `log` VALUES ('311', 'Ingreso al sistema', '3', '2020-04-17', '00:21:15');
INSERT INTO `log` VALUES ('312', 'Ingreso al sistema', '3', '2020-04-17', '00:21:59');
INSERT INTO `log` VALUES ('313', 'Ingreso al sistema', '3', '2020-04-17', '00:27:01');
INSERT INTO `log` VALUES ('314', 'Ingreso al sistema', '3', '2020-04-17', '00:31:38');
INSERT INTO `log` VALUES ('315', 'Ingreso al sistema', '3', '2020-04-17', '00:32:20');
INSERT INTO `log` VALUES ('316', 'Ingreso al sistema', '3', '2020-04-17', '00:34:22');
INSERT INTO `log` VALUES ('317', 'Ingreso al sistema', '3', '2020-04-17', '00:41:50');
INSERT INTO `log` VALUES ('318', 'Ingreso al sistema', '3', '2020-04-17', '00:46:05');
INSERT INTO `log` VALUES ('319', 'Ingreso al sistema', '3', '2020-04-17', '00:47:14');
INSERT INTO `log` VALUES ('320', 'Ingreso al sistema', '3', '2020-04-17', '00:52:20');
INSERT INTO `log` VALUES ('321', 'Ingreso al sistema', '3', '2020-04-17', '00:54:02');
INSERT INTO `log` VALUES ('322', 'Ingreso al sistema', '3', '2020-04-17', '01:42:43');
INSERT INTO `log` VALUES ('323', 'Ingreso al sistema', '3', '2020-04-17', '01:44:30');
INSERT INTO `log` VALUES ('324', 'Ingreso al sistema', '3', '2020-04-17', '01:46:23');
INSERT INTO `log` VALUES ('325', 'Ingreso al sistema', '3', '2020-04-17', '01:58:13');
INSERT INTO `log` VALUES ('326', 'Ingreso al sistema', '3', '2020-04-17', '02:00:35');
INSERT INTO `log` VALUES ('327', 'Ingreso al sistema', '3', '2020-04-17', '02:04:00');
INSERT INTO `log` VALUES ('328', 'Ingreso al sistema', '3', '2020-04-17', '02:06:17');
INSERT INTO `log` VALUES ('329', 'Ingreso al sistema', '3', '2020-04-17', '02:06:55');
INSERT INTO `log` VALUES ('330', 'Ingreso al sistema', '3', '2020-04-17', '02:09:36');
INSERT INTO `log` VALUES ('331', 'Ingreso al sistema', '3', '2020-04-17', '02:12:20');
INSERT INTO `log` VALUES ('332', 'Ingreso al sistema', '3', '2020-04-17', '02:17:37');
INSERT INTO `log` VALUES ('333', 'Ingreso al sistema', '3', '2020-04-17', '16:08:58');
INSERT INTO `log` VALUES ('334', 'Ingreso al sistema', '3', '2020-04-17', '18:24:04');
INSERT INTO `log` VALUES ('335', 'Ingreso al sistema', '3', '2020-04-17', '18:25:19');
INSERT INTO `log` VALUES ('336', 'Ingreso al sistema', '3', '2020-04-17', '18:29:48');
INSERT INTO `log` VALUES ('337', 'Ingreso al sistema', '3', '2020-04-17', '18:31:26');
INSERT INTO `log` VALUES ('338', 'Ingreso al sistema', '3', '2020-04-17', '18:31:44');
INSERT INTO `log` VALUES ('339', 'Ingreso al sistema', '3', '2020-04-17', '18:43:18');
INSERT INTO `log` VALUES ('340', 'Ingreso al sistema', '3', '2020-04-17', '18:43:37');
INSERT INTO `log` VALUES ('341', 'Ingreso al sistema', '3', '2020-04-17', '19:26:27');
INSERT INTO `log` VALUES ('342', 'Ingreso al sistema', '3', '2020-04-17', '19:31:19');
INSERT INTO `log` VALUES ('343', 'Ingreso al sistema', '3', '2020-04-17', '19:37:53');
INSERT INTO `log` VALUES ('344', 'Ingreso al sistema', '3', '2020-04-17', '19:43:33');
INSERT INTO `log` VALUES ('345', 'Ingreso al sistema', '3', '2020-04-17', '19:44:17');
INSERT INTO `log` VALUES ('346', 'Ingreso al sistema', '3', '2020-04-17', '19:46:12');
INSERT INTO `log` VALUES ('347', 'Ingreso al sistema', '3', '2020-04-17', '19:48:05');
INSERT INTO `log` VALUES ('348', 'Ingreso al sistema', '3', '2020-04-17', '19:52:49');
INSERT INTO `log` VALUES ('349', 'Se ha creado un horario para la persona', '3', '2020-04-17', '19:52:56');
INSERT INTO `log` VALUES ('350', 'Ingreso al sistema', '3', '2020-04-17', '19:53:18');
INSERT INTO `log` VALUES ('351', 'Se ha creado un horario para la persona', '3', '2020-04-17', '19:54:33');
INSERT INTO `log` VALUES ('352', 'Ingreso al sistema', '3', '2020-04-17', '19:54:59');
INSERT INTO `log` VALUES ('353', 'Se ha creado un horario para la persona', '3', '2020-04-17', '19:55:24');
INSERT INTO `log` VALUES ('354', 'Ingreso al sistema', '3', '2020-04-17', '19:57:31');
INSERT INTO `log` VALUES ('355', 'Se ha creado un horario para la persona', '3', '2020-04-17', '19:57:45');
INSERT INTO `log` VALUES ('356', 'Ingreso al sistema', '3', '2020-04-17', '20:04:14');
INSERT INTO `log` VALUES ('357', 'Ingreso al sistema', '3', '2020-04-17', '20:05:17');
INSERT INTO `log` VALUES ('358', 'Se ha actualizado el horario para la persona', '3', '2020-04-17', '20:05:26');
INSERT INTO `log` VALUES ('359', 'Ingreso al sistema', '3', '2020-04-17', '20:09:48');
INSERT INTO `log` VALUES ('360', 'Ingreso al sistema', '3', '2020-04-17', '20:10:45');
INSERT INTO `log` VALUES ('361', 'Se ha creado un horario para la persona', '3', '2020-04-17', '20:10:58');
INSERT INTO `log` VALUES ('362', 'Ingreso al sistema', '3', '2020-04-17', '20:13:36');
INSERT INTO `log` VALUES ('363', 'Se ha actualizado el horario para la persona', '3', '2020-04-17', '20:13:50');
INSERT INTO `log` VALUES ('364', 'Ingreso al sistema', '3', '2020-04-17', '20:15:19');
INSERT INTO `log` VALUES ('365', 'Ingreso al sistema', '3', '2020-04-17', '20:16:14');
INSERT INTO `log` VALUES ('366', 'Se ha actualizado el horario para la persona Adolfo Viera Meléndez', '3', '2020-04-17', '20:16:21');
INSERT INTO `log` VALUES ('367', 'Ingreso al sistema', '3', '2020-04-17', '20:17:43');
INSERT INTO `log` VALUES ('368', 'Se ha actualizado el horario para la persona Adolfo Viera Meléndez', '3', '2020-04-17', '20:17:49');
INSERT INTO `log` VALUES ('369', 'Ingreso al sistema', '3', '2020-04-17', '20:18:14');
INSERT INTO `log` VALUES ('370', 'Se ha creado un horario para la persona José Manuel Rosales Bravó', '3', '2020-04-17', '20:18:26');
INSERT INTO `log` VALUES ('371', 'Ingreso al sistema', '3', '2020-04-17', '20:22:13');
INSERT INTO `log` VALUES ('372', 'Se ha creado un horario para la persona José Manuel Rosales Bravó', '3', '2020-04-17', '20:22:25');
INSERT INTO `log` VALUES ('373', 'Ingreso al sistema', '3', '2020-04-17', '20:24:31');
INSERT INTO `log` VALUES ('374', 'Se ha creado un horario para la persona Víctor Hugo Perez Briseño', '3', '2020-04-17', '20:24:52');
INSERT INTO `log` VALUES ('375', 'Ingreso al sistema', '3', '2020-04-17', '20:59:59');
INSERT INTO `log` VALUES ('376', 'Ingreso al sistema', '3', '2020-04-17', '21:02:48');
INSERT INTO `log` VALUES ('377', 'Ingreso al sistema', '3', '2020-04-17', '21:03:18');
INSERT INTO `log` VALUES ('378', 'Ingreso al sistema', '3', '2020-04-17', '21:13:24');
INSERT INTO `log` VALUES ('379', 'Ingreso al sistema', '3', '2020-04-17', '21:19:48');
INSERT INTO `log` VALUES ('380', 'Se ha actualizado el horario para la persona Adolfo Viera Meléndez', '3', '2020-04-17', '21:20:04');
INSERT INTO `log` VALUES ('381', 'Se ha actualizado el horario para la persona Víctor Hugo Perez Briseño', '3', '2020-04-17', '21:20:27');
INSERT INTO `log` VALUES ('382', 'Ingreso al sistema', '3', '2020-04-17', '21:20:50');
INSERT INTO `log` VALUES ('383', 'Ingreso al sistema', '3', '2020-04-17', '21:25:23');
INSERT INTO `log` VALUES ('384', 'Ingreso al sistema', '3', '2020-04-17', '21:26:25');
INSERT INTO `log` VALUES ('385', 'Ingreso al sistema', '3', '2020-04-17', '21:27:30');
INSERT INTO `log` VALUES ('386', 'Ingreso al sistema', '3', '2020-04-17', '21:27:53');
INSERT INTO `log` VALUES ('387', 'Ingreso al sistema', '3', '2020-04-17', '21:28:49');
INSERT INTO `log` VALUES ('388', 'Ingreso al sistema', '3', '2020-04-17', '21:30:07');
INSERT INTO `log` VALUES ('389', 'Ingreso al sistema', '3', '2020-04-17', '21:41:06');
INSERT INTO `log` VALUES ('390', 'Se ha actualizado el horario para la persona Adolfo Viera Meléndez', '3', '2020-04-17', '21:46:35');
INSERT INTO `log` VALUES ('391', 'Se ha actualizado el horario para la persona Adolfo Viera Meléndez', '3', '2020-04-17', '21:46:46');
INSERT INTO `log` VALUES ('392', 'Ingreso al sistema', '3', '2020-04-17', '21:49:00');
INSERT INTO `log` VALUES ('393', 'Ingreso al sistema', '3', '2020-04-17', '21:49:21');
INSERT INTO `log` VALUES ('394', 'Ingreso al sistema', '3', '2020-04-17', '21:49:40');
INSERT INTO `log` VALUES ('395', 'Ingreso al sistema', '3', '2020-04-17', '21:49:55');
INSERT INTO `log` VALUES ('396', 'Ingreso al sistema', '3', '2020-04-17', '21:50:09');
INSERT INTO `log` VALUES ('397', 'Ingreso al sistema', '3', '2020-04-17', '21:50:22');
INSERT INTO `log` VALUES ('398', 'Se ha creado un horario para la persona Silvia Guadalupe Muñiz Tienda', '3', '2020-04-17', '22:04:43');
INSERT INTO `log` VALUES ('399', 'Se ha creado un horario para la persona Pablo Adrian Pérez Briseño', '3', '2020-04-17', '22:09:00');
INSERT INTO `log` VALUES ('400', 'Se ha actualizado el horario para la persona Pablo Adrian Pérez Briseño', '3', '2020-04-17', '22:11:12');
INSERT INTO `log` VALUES ('401', 'Ingreso al sistema', '3', '2020-04-21', '18:33:46');
INSERT INTO `log` VALUES ('402', 'Ingreso al sistema', '3', '2020-04-21', '19:45:49');
INSERT INTO `log` VALUES ('403', 'Ingreso al sistema', '3', '2020-04-21', '19:46:25');
INSERT INTO `log` VALUES ('404', 'Ingreso al sistema', '3', '2020-04-21', '20:47:33');
INSERT INTO `log` VALUES ('405', 'Ingreso al sistema', '3', '2020-04-21', '20:51:40');
INSERT INTO `log` VALUES ('406', 'Ingreso al sistema', '3', '2020-04-21', '20:52:16');
INSERT INTO `log` VALUES ('407', 'Ingreso al sistema', '3', '2020-04-21', '20:53:27');
INSERT INTO `log` VALUES ('408', 'Ingreso al sistema', '3', '2020-04-21', '20:53:54');
INSERT INTO `log` VALUES ('409', 'Ingreso al sistema', '3', '2020-04-21', '20:55:08');
INSERT INTO `log` VALUES ('410', 'Ingreso al sistema', '3', '2020-04-21', '20:55:23');
INSERT INTO `log` VALUES ('411', 'Ingreso al sistema', '3', '2020-04-21', '20:55:38');
INSERT INTO `log` VALUES ('412', 'Ingreso al sistema', '3', '2020-04-21', '20:59:21');
INSERT INTO `log` VALUES ('413', 'Ingreso al sistema', '3', '2020-04-21', '21:00:35');
INSERT INTO `log` VALUES ('414', 'Ingreso al sistema', '3', '2020-04-21', '21:01:27');
INSERT INTO `log` VALUES ('415', 'Ingreso al sistema', '3', '2020-04-21', '21:01:54');
INSERT INTO `log` VALUES ('416', 'Ingreso al sistema', '3', '2020-04-21', '21:02:55');
INSERT INTO `log` VALUES ('417', 'Ingreso al sistema', '3', '2020-04-21', '21:09:42');
INSERT INTO `log` VALUES ('418', 'Ingreso al sistema', '3', '2020-04-21', '21:12:07');
INSERT INTO `log` VALUES ('419', 'Ingreso al sistema', '3', '2020-04-21', '21:13:24');
INSERT INTO `log` VALUES ('420', 'Ingreso al sistema', '3', '2020-04-21', '21:13:55');
INSERT INTO `log` VALUES ('421', 'Ingreso al sistema', '3', '2020-04-21', '22:33:54');
INSERT INTO `log` VALUES ('422', 'Ingreso al sistema', '3', '2020-04-21', '22:37:39');
INSERT INTO `log` VALUES ('423', 'Ingreso al sistema', '3', '2020-04-21', '22:38:37');
INSERT INTO `log` VALUES ('424', 'Ingreso al sistema', '3', '2020-04-21', '22:44:06');
INSERT INTO `log` VALUES ('425', 'Se ha desactivado un registro de la tabla Estado Civil', '3', '2020-04-21', '22:44:13');
INSERT INTO `log` VALUES ('426', 'Se ha reactivado un registro de la tabla Estado Civil', '3', '2020-04-21', '22:44:23');
INSERT INTO `log` VALUES ('427', 'Ingreso al sistema', '3', '2020-04-21', '23:07:25');
INSERT INTO `log` VALUES ('428', 'Ingreso al sistema', '3', '2020-04-21', '23:08:18');
INSERT INTO `log` VALUES ('429', 'Ingreso al sistema', '3', '2020-04-21', '23:08:52');
INSERT INTO `log` VALUES ('430', 'Ingreso al sistema', '3', '2020-04-21', '23:12:43');
INSERT INTO `log` VALUES ('431', 'Ingreso al sistema', '3', '2020-04-21', '23:23:26');
INSERT INTO `log` VALUES ('432', 'Ingreso al sistema', '3', '2020-04-21', '23:24:35');
INSERT INTO `log` VALUES ('433', 'Ingreso al sistema', '3', '2020-04-21', '23:29:28');
INSERT INTO `log` VALUES ('434', 'Ingreso al sistema', '3', '2020-04-21', '23:30:29');
INSERT INTO `log` VALUES ('435', 'Ingreso al sistema', '3', '2020-04-21', '23:31:14');
INSERT INTO `log` VALUES ('436', 'Ingreso al sistema', '3', '2020-04-21', '23:31:35');
INSERT INTO `log` VALUES ('437', 'Ingreso al sistema', '3', '2020-04-21', '23:31:55');
INSERT INTO `log` VALUES ('438', 'Ingreso al sistema', '3', '2020-04-21', '23:34:53');
INSERT INTO `log` VALUES ('439', 'Ingreso al sistema', '3', '2020-04-21', '23:35:24');
INSERT INTO `log` VALUES ('440', 'Ingreso al sistema', '3', '2020-04-21', '23:35:51');
INSERT INTO `log` VALUES ('441', 'Ingreso al sistema', '3', '2020-04-21', '23:38:53');
INSERT INTO `log` VALUES ('442', 'Ingreso al sistema', '3', '2020-04-21', '23:39:11');
INSERT INTO `log` VALUES ('443', 'Ingreso al sistema', '3', '2020-04-21', '23:41:00');
INSERT INTO `log` VALUES ('444', 'Ingreso al sistema', '3', '2020-04-21', '23:42:01');
INSERT INTO `log` VALUES ('445', 'Ingreso al sistema', '3', '2020-04-21', '23:42:32');
INSERT INTO `log` VALUES ('446', 'Ingreso al sistema', '3', '2020-04-21', '23:50:14');
INSERT INTO `log` VALUES ('447', 'Ingreso al sistema', '3', '2020-04-21', '23:51:23');
INSERT INTO `log` VALUES ('448', 'Ingreso al sistema', '3', '2020-04-21', '23:53:13');
INSERT INTO `log` VALUES ('449', 'Ingreso al sistema', '3', '2020-04-21', '23:56:38');
INSERT INTO `log` VALUES ('450', 'Ingreso al sistema', '3', '2020-04-22', '00:21:26');
INSERT INTO `log` VALUES ('451', 'Ingreso al sistema', '3', '2020-04-22', '00:24:22');
INSERT INTO `log` VALUES ('452', 'Ingreso al sistema', '3', '2020-04-22', '00:24:55');
INSERT INTO `log` VALUES ('453', 'Ingreso al sistema', '3', '2020-04-22', '00:25:15');
INSERT INTO `log` VALUES ('454', 'Ingreso al sistema', '3', '2020-04-22', '00:26:34');
INSERT INTO `log` VALUES ('455', 'Ingreso al sistema', '3', '2020-04-22', '00:27:07');
INSERT INTO `log` VALUES ('456', 'Ingreso al sistema', '3', '2020-04-22', '00:27:39');
INSERT INTO `log` VALUES ('457', 'Ingreso al sistema', '3', '2020-04-22', '00:28:00');
INSERT INTO `log` VALUES ('458', 'Ingreso al sistema', '3', '2020-04-22', '00:28:46');
INSERT INTO `log` VALUES ('459', 'Ingreso al sistema', '3', '2020-04-22', '00:29:03');
INSERT INTO `log` VALUES ('460', 'Ingreso al sistema', '3', '2020-04-22', '00:29:21');
INSERT INTO `log` VALUES ('461', 'Ingreso al sistema', '3', '2020-04-22', '00:29:35');
INSERT INTO `log` VALUES ('462', 'Ingreso al sistema', '3', '2020-04-22', '00:30:14');
INSERT INTO `log` VALUES ('463', 'Ingreso al sistema', '3', '2020-04-22', '00:30:31');
INSERT INTO `log` VALUES ('464', 'Ingreso al sistema', '3', '2020-04-22', '00:30:55');
INSERT INTO `log` VALUES ('465', 'Ingreso al sistema', '3', '2020-04-22', '00:32:15');
INSERT INTO `log` VALUES ('466', 'Ingreso al sistema', '3', '2020-04-22', '00:32:38');
INSERT INTO `log` VALUES ('467', 'Ingreso al sistema', '3', '2020-04-22', '00:39:52');
INSERT INTO `log` VALUES ('468', 'Ingreso al sistema', '3', '2020-04-22', '00:40:49');
INSERT INTO `log` VALUES ('469', 'Ingreso al sistema', '3', '2020-04-22', '00:42:47');
INSERT INTO `log` VALUES ('470', 'Ingreso al sistema', '3', '2020-04-22', '00:43:03');
INSERT INTO `log` VALUES ('471', 'Ingreso al sistema', '3', '2020-04-22', '00:44:18');
INSERT INTO `log` VALUES ('472', 'Ingreso al sistema', '3', '2020-04-22', '00:45:26');
INSERT INTO `log` VALUES ('473', 'Ingreso al sistema', '3', '2020-04-22', '00:46:47');
INSERT INTO `log` VALUES ('474', 'Ingreso al sistema', '3', '2020-04-22', '00:47:57');
INSERT INTO `log` VALUES ('475', 'Ingreso al sistema', '3', '2020-04-22', '00:48:51');
INSERT INTO `log` VALUES ('476', 'Ingreso al sistema', '3', '2020-04-22', '00:50:01');
INSERT INTO `log` VALUES ('477', 'Ingreso al sistema', '3', '2020-04-22', '00:54:32');
INSERT INTO `log` VALUES ('478', 'Ingreso al sistema', '3', '2020-04-22', '00:56:25');
INSERT INTO `log` VALUES ('479', 'Ingreso al sistema', '3', '2020-04-22', '01:17:12');
INSERT INTO `log` VALUES ('480', 'Ingreso al sistema', '3', '2020-04-22', '01:18:08');
INSERT INTO `log` VALUES ('481', 'Ingreso al sistema', '3', '2020-04-22', '01:18:59');
INSERT INTO `log` VALUES ('482', 'Ingreso al sistema', '3', '2020-04-22', '01:23:07');
INSERT INTO `log` VALUES ('483', 'Ingreso al sistema', '3', '2020-04-22', '01:23:58');
INSERT INTO `log` VALUES ('484', 'Ingreso al sistema', '3', '2020-04-22', '01:24:17');
INSERT INTO `log` VALUES ('485', 'Ingreso al sistema', '3', '2020-04-22', '01:24:30');
INSERT INTO `log` VALUES ('486', 'Ingreso al sistema', '3', '2020-04-22', '01:28:52');
INSERT INTO `log` VALUES ('487', 'Ingreso al sistema', '3', '2020-04-22', '01:31:56');
INSERT INTO `log` VALUES ('488', 'Ingreso al sistema', '3', '2020-04-22', '01:32:19');
INSERT INTO `log` VALUES ('489', 'Ingreso al sistema', '3', '2020-04-22', '01:33:48');
INSERT INTO `log` VALUES ('490', 'Ingreso al sistema', '3', '2020-04-22', '01:34:59');
INSERT INTO `log` VALUES ('491', 'Ingreso al sistema', '3', '2020-04-22', '01:35:32');
INSERT INTO `log` VALUES ('492', 'Ingreso al sistema', '3', '2020-04-22', '01:36:12');
INSERT INTO `log` VALUES ('493', 'Ingreso al sistema', '3', '2020-04-22', '01:37:45');
INSERT INTO `log` VALUES ('494', 'Ingreso al sistema', '3', '2020-04-22', '01:38:24');
INSERT INTO `log` VALUES ('495', 'Ingreso al sistema', '3', '2020-04-22', '01:39:30');
INSERT INTO `log` VALUES ('496', 'Ingreso al sistema', '3', '2020-04-22', '01:40:28');
INSERT INTO `log` VALUES ('497', 'Ingreso al sistema', '3', '2020-04-22', '01:42:58');
INSERT INTO `log` VALUES ('498', 'Ingreso al sistema', '3', '2020-04-22', '01:44:10');
INSERT INTO `log` VALUES ('499', 'Ingreso al sistema', '3', '2020-04-22', '01:44:32');
INSERT INTO `log` VALUES ('500', 'Ingreso al sistema', '3', '2020-04-22', '01:44:48');
INSERT INTO `log` VALUES ('501', 'Ingreso al sistema', '3', '2020-04-22', '01:53:26');
INSERT INTO `log` VALUES ('502', 'Ingreso al sistema', '3', '2020-04-22', '01:54:16');
INSERT INTO `log` VALUES ('503', 'Ingreso al sistema', '3', '2020-04-22', '02:13:48');
INSERT INTO `log` VALUES ('504', 'Ingreso al sistema', '3', '2020-04-22', '02:15:02');
INSERT INTO `log` VALUES ('505', 'Ingreso al sistema', '3', '2020-04-22', '02:16:31');
INSERT INTO `log` VALUES ('506', 'Ingreso al sistema', '3', '2020-04-22', '02:23:15');
INSERT INTO `log` VALUES ('507', 'Ingreso al sistema', '3', '2020-04-22', '02:24:14');
INSERT INTO `log` VALUES ('508', 'Ingreso al sistema', '3', '2020-04-22', '02:26:23');
INSERT INTO `log` VALUES ('509', 'Ingreso al sistema', '3', '2020-04-22', '02:26:49');
INSERT INTO `log` VALUES ('510', 'Ingreso al sistema', '3', '2020-04-22', '02:27:08');
INSERT INTO `log` VALUES ('511', 'Ingreso al sistema', '3', '2020-04-22', '03:01:24');
INSERT INTO `log` VALUES ('512', 'Ingreso al sistema', '3', '2020-04-22', '03:07:49');
INSERT INTO `log` VALUES ('513', 'Ingreso al sistema', '3', '2020-04-22', '03:08:43');
INSERT INTO `log` VALUES ('514', 'Ingreso al sistema', '3', '2020-04-22', '03:10:12');
INSERT INTO `log` VALUES ('515', 'Ingreso al sistema', '3', '2020-04-22', '03:10:44');
INSERT INTO `log` VALUES ('516', 'Ingreso al sistema', '3', '2020-04-22', '03:29:43');
INSERT INTO `log` VALUES ('517', 'Ingreso al sistema', '3', '2020-04-22', '03:30:58');
INSERT INTO `log` VALUES ('518', 'Ingreso al sistema', '3', '2020-04-22', '03:31:30');
INSERT INTO `log` VALUES ('519', 'Ingreso al sistema', '3', '2020-04-22', '03:32:52');
INSERT INTO `log` VALUES ('520', 'Ingreso al sistema', '3', '2020-04-22', '16:36:50');
INSERT INTO `log` VALUES ('521', 'Se ha desactivado un registro de la tabla Estado Civil', '3', '2020-04-22', '16:46:19');
INSERT INTO `log` VALUES ('522', 'Se ha reactivado un registro de la tabla Estado Civil', '3', '2020-04-22', '16:46:29');
INSERT INTO `log` VALUES ('523', 'Ingreso al sistema', '3', '2020-04-22', '16:46:55');
INSERT INTO `log` VALUES ('524', 'Salio del sistema', '3', '2020-04-22', '16:47:18');
INSERT INTO `log` VALUES ('525', 'Ingreso al sistema', '3', '2020-04-22', '16:47:26');
INSERT INTO `log` VALUES ('526', 'Salio del sistema', '3', '2020-04-22', '16:47:56');
INSERT INTO `log` VALUES ('527', 'Ingreso al sistema', '3', '2020-04-22', '16:48:00');
INSERT INTO `log` VALUES ('528', 'Salio del sistema', '3', '2020-04-22', '16:49:49');
INSERT INTO `log` VALUES ('529', 'Ingreso al sistema', '3', '2020-04-22', '16:50:48');
INSERT INTO `log` VALUES ('530', 'Salio del sistema', '3', '2020-04-22', '17:06:19');
INSERT INTO `log` VALUES ('531', 'Ingreso al sistema', '3', '2020-04-22', '17:06:24');
INSERT INTO `log` VALUES ('532', 'Se ha desactivado un registro de la tabla Estado Civil', '3', '2020-04-22', '17:09:55');
INSERT INTO `log` VALUES ('533', 'Se ha reactivado un registro de la tabla Estado Civil', '3', '2020-04-22', '17:10:05');
INSERT INTO `log` VALUES ('534', 'Salio del sistema', '3', '2020-04-22', '17:16:41');
INSERT INTO `log` VALUES ('535', 'Ingreso al sistema', '3', '2020-04-22', '17:18:38');
INSERT INTO `log` VALUES ('536', 'Salio del sistema', '3', '2020-04-22', '17:18:47');
INSERT INTO `log` VALUES ('537', 'Ingreso al sistema', '3', '2020-04-22', '17:18:55');
INSERT INTO `log` VALUES ('538', 'Se ha desactivado un registro de la tabla Estado Civil', '3', '2020-04-22', '17:19:48');
INSERT INTO `log` VALUES ('539', 'Se ha reactivado un registro de la tabla Estado Civil', '3', '2020-04-22', '17:20:01');
INSERT INTO `log` VALUES ('540', 'Se ha desactivado un registro de la tabla Estado Civil', '3', '2020-04-22', '17:21:18');
INSERT INTO `log` VALUES ('541', 'Se ha reactivado un registro de la tabla Estado Civil', '3', '2020-04-22', '17:21:26');
INSERT INTO `log` VALUES ('542', 'Salio del sistema', '3', '2020-04-22', '18:17:30');
INSERT INTO `log` VALUES ('543', 'Ingreso al sistema', '3', '2020-04-22', '18:17:35');
INSERT INTO `log` VALUES ('544', 'Se ha desactivado un registro de la tabla Estado Civil', '3', '2020-04-22', '18:18:34');
INSERT INTO `log` VALUES ('545', 'Se ha reactivado un registro de la tabla Estado Civil', '3', '2020-04-22', '18:18:41');
INSERT INTO `log` VALUES ('546', 'Ingreso al sistema', '3', '2020-04-24', '13:00:26');
INSERT INTO `log` VALUES ('547', 'Ingreso al sistema', '3', '2020-04-24', '13:00:57');
INSERT INTO `log` VALUES ('548', 'Ingreso al sistema', '3', '2020-04-24', '13:17:59');
INSERT INTO `log` VALUES ('549', 'Ha cambiado al tema Chopes', '3', '2020-04-24', '13:18:05');
INSERT INTO `log` VALUES ('550', 'Ingreso al sistema', '3', '2020-04-24', '13:33:12');
INSERT INTO `log` VALUES ('551', 'Ingreso al sistema', '3', '2020-04-24', '13:33:23');
INSERT INTO `log` VALUES ('552', 'Ingreso al sistema', '3', '2020-04-24', '13:38:56');
INSERT INTO `log` VALUES ('553', 'Ingreso al sistema', '3', '2020-04-24', '13:45:46');
INSERT INTO `log` VALUES ('554', 'Ingreso al sistema', '3', '2020-04-24', '13:46:19');
INSERT INTO `log` VALUES ('555', 'Ingreso al sistema', '3', '2020-04-24', '13:48:49');
INSERT INTO `log` VALUES ('556', 'Ingreso al sistema', '3', '2020-04-24', '13:50:16');
INSERT INTO `log` VALUES ('557', 'Ingreso al sistema', '3', '2020-04-24', '17:16:47');
INSERT INTO `log` VALUES ('558', 'Ingreso al sistema', '3', '2020-04-24', '17:30:10');
INSERT INTO `log` VALUES ('559', 'Ingreso al sistema', '3', '2020-04-24', '17:43:05');
INSERT INTO `log` VALUES ('560', 'Salio del sistema', '3', '2020-04-24', '17:43:19');
INSERT INTO `log` VALUES ('561', 'Ingreso al sistema', '3', '2020-04-24', '17:43:24');
INSERT INTO `log` VALUES ('562', 'Ha cambiado al tema Chopes', '3', '2020-04-24', '17:44:19');
INSERT INTO `log` VALUES ('563', 'Ingreso al sistema', '3', '2020-04-24', '17:45:41');
INSERT INTO `log` VALUES ('564', 'Ingreso al sistema', '3', '2020-04-24', '17:46:50');
INSERT INTO `log` VALUES ('565', 'Ingreso al sistema', '3', '2020-04-24', '17:48:33');
INSERT INTO `log` VALUES ('566', 'Ha cambiado al tema Adolfo', '3', '2020-04-24', '17:48:37');
INSERT INTO `log` VALUES ('567', 'Ha cambiado al tema Valgame', '3', '2020-04-24', '17:48:40');
INSERT INTO `log` VALUES ('568', 'Ingreso al sistema', '3', '2020-04-24', '17:49:20');
INSERT INTO `log` VALUES ('569', 'Ha cambiado al tema Adolfo', '3', '2020-04-24', '17:49:30');
INSERT INTO `log` VALUES ('570', 'Ha cambiado al tema Valgame', '3', '2020-04-24', '17:49:31');
INSERT INTO `log` VALUES ('571', 'Ha cambiado al tema Snarky', '3', '2020-04-24', '17:49:33');
INSERT INTO `log` VALUES ('572', 'Ha cambiado al tema Oscuro', '3', '2020-04-24', '17:49:34');
INSERT INTO `log` VALUES ('573', 'Ha cambiado al tema Night', '3', '2020-04-24', '17:49:36');
INSERT INTO `log` VALUES ('574', 'Ha cambiado al tema Oscuro', '3', '2020-04-24', '17:49:38');
INSERT INTO `log` VALUES ('575', 'Ingreso al sistema', '3', '2020-04-24', '17:50:31');
INSERT INTO `log` VALUES ('576', 'Ha cambiado al tema Adolfo', '3', '2020-04-24', '17:50:35');
INSERT INTO `log` VALUES ('577', 'Ha cambiado al tema Valgame', '3', '2020-04-24', '17:50:37');
INSERT INTO `log` VALUES ('578', 'Ha cambiado al tema Snarky', '3', '2020-04-24', '17:50:39');
INSERT INTO `log` VALUES ('579', 'Ha cambiado al tema Oscuro', '3', '2020-04-24', '17:50:41');
INSERT INTO `log` VALUES ('580', 'Ha cambiado al tema Night', '3', '2020-04-24', '17:50:42');
INSERT INTO `log` VALUES ('581', 'Ha cambiado al tema Grey and Blue', '3', '2020-04-24', '17:50:44');
INSERT INTO `log` VALUES ('582', 'Ha cambiado al tema Adolfo', '3', '2020-04-24', '17:50:45');
INSERT INTO `log` VALUES ('583', 'Ingreso al sistema', '3', '2020-04-24', '17:52:01');
INSERT INTO `log` VALUES ('584', 'Ha cambiado al tema Azul Britanico', '3', '2020-04-24', '17:52:04');
INSERT INTO `log` VALUES ('585', 'Ha cambiado al tema Adolfo', '3', '2020-04-24', '17:52:06');
INSERT INTO `log` VALUES ('586', 'Ha cambiado al tema Adolfo', '3', '2020-04-24', '17:57:47');
INSERT INTO `log` VALUES ('587', 'Ha cambiado al tema Adolfo', '3', '2020-04-24', '17:57:50');
INSERT INTO `log` VALUES ('588', 'Ingreso al sistema', '3', '2020-04-24', '18:12:13');
INSERT INTO `log` VALUES ('589', 'Ha cambiado al tema Valgame', '3', '2020-04-24', '18:12:18');
INSERT INTO `log` VALUES ('590', 'Ha cambiado al tema Snarky', '3', '2020-04-24', '18:12:21');
INSERT INTO `log` VALUES ('591', 'Ha cambiado al tema Night', '3', '2020-04-24', '18:12:23');
INSERT INTO `log` VALUES ('592', 'Ha cambiado al tema Night', '3', '2020-04-24', '18:12:25');
INSERT INTO `log` VALUES ('593', 'Ha cambiado al tema Dark Green', '3', '2020-04-24', '18:12:26');
INSERT INTO `log` VALUES ('594', 'Ha cambiado al tema Chopes', '3', '2020-04-24', '18:12:28');
INSERT INTO `log` VALUES ('595', 'Ha cambiado al tema Cool', '3', '2020-04-24', '18:12:29');
INSERT INTO `log` VALUES ('596', 'Ha cambiado al tema Cool', '3', '2020-04-24', '18:12:31');
INSERT INTO `log` VALUES ('597', 'Ha cambiado al tema Cool', '3', '2020-04-24', '18:12:32');
INSERT INTO `log` VALUES ('598', 'Ha cambiado al tema Adolfo', '3', '2020-04-24', '18:12:34');
INSERT INTO `log` VALUES ('599', 'Ha cambiado al tema Valgame', '3', '2020-04-24', '18:12:39');
INSERT INTO `log` VALUES ('600', 'Ha cambiado al tema Adolfo', '3', '2020-04-24', '18:12:43');
INSERT INTO `log` VALUES ('601', 'Ingreso al sistema', '3', '2020-04-24', '18:42:00');
INSERT INTO `log` VALUES ('602', 'Ingreso al sistema', '3', '2020-04-24', '18:57:06');
INSERT INTO `log` VALUES ('603', 'Ingreso al sistema', '3', '2020-04-26', '01:33:39');
INSERT INTO `log` VALUES ('604', 'Ha cambiado al tema Chopes', '3', '2020-04-26', '01:33:44');
INSERT INTO `log` VALUES ('605', 'Ha cambiado al tema Adolfo', '3', '2020-04-26', '01:38:18');
INSERT INTO `log` VALUES ('606', 'Ingreso al sistema', '3', '2020-05-04', '16:22:25');
INSERT INTO `log` VALUES ('607', 'Ingreso al sistema', '3', '2020-05-04', '16:59:38');
INSERT INTO `log` VALUES ('608', 'Se insertado un nuevo registro a la tabla Estado Civil', '3', '2020-05-04', '17:01:25');
INSERT INTO `log` VALUES ('609', 'Ingreso al sistema', '3', '2020-05-04', '17:04:05');
INSERT INTO `log` VALUES ('610', 'Se insertado un nuevo registro a la tabla Estado Civil', '3', '2020-05-04', '17:04:52');
INSERT INTO `log` VALUES ('611', 'Ingreso al sistema', '3', '2020-05-04', '17:11:34');
INSERT INTO `log` VALUES ('612', 'Ingreso al sistema', '3', '2020-05-04', '17:13:34');
INSERT INTO `log` VALUES ('613', 'Ingreso al sistema', '3', '2020-05-04', '17:14:49');
INSERT INTO `log` VALUES ('614', 'Se insertado un nuevo registro a la tabla Estado Civil', '3', '2020-05-04', '17:15:42');
INSERT INTO `log` VALUES ('615', 'Ingreso al sistema', '3', '2020-05-04', '17:19:24');
INSERT INTO `log` VALUES ('616', 'Se insertado un nuevo registro a la tabla Estado Civil', '3', '2020-05-04', '17:20:12');
INSERT INTO `log` VALUES ('617', 'Ingreso al sistema', '3', '2020-05-04', '17:21:29');
INSERT INTO `log` VALUES ('618', 'Se insertado un nuevo registro a la tabla Estado Civil', '3', '2020-05-04', '17:22:06');
INSERT INTO `log` VALUES ('619', 'Ingreso al sistema', '3', '2020-05-04', '17:23:04');
INSERT INTO `log` VALUES ('620', 'Se insertado un nuevo registro a la tabla Temas', '3', '2020-05-04', '17:23:30');
INSERT INTO `log` VALUES ('621', 'Ingreso al sistema', '3', '2020-05-04', '20:12:19');
INSERT INTO `log` VALUES ('622', 'Ingreso al sistema', '3', '2020-05-04', '20:15:39');
INSERT INTO `log` VALUES ('623', 'Ingreso al sistema', '3', '2020-05-04', '20:18:05');
INSERT INTO `log` VALUES ('624', 'Ingreso al sistema', '3', '2020-05-04', '20:18:35');
INSERT INTO `log` VALUES ('625', 'Ingreso al sistema', '3', '2020-05-04', '20:20:34');
INSERT INTO `log` VALUES ('626', 'Ingreso al sistema', '3', '2020-05-04', '20:21:47');
INSERT INTO `log` VALUES ('627', 'Ingreso al sistema', '3', '2020-05-04', '20:22:33');
INSERT INTO `log` VALUES ('628', 'Ingreso al sistema', '3', '2020-05-04', '20:23:19');
INSERT INTO `log` VALUES ('629', 'Ingreso al sistema', '3', '2020-05-04', '20:46:33');
INSERT INTO `log` VALUES ('630', 'Ingreso al sistema', '3', '2020-05-04', '20:48:29');
INSERT INTO `log` VALUES ('631', 'Ingreso al sistema', '3', '2020-05-04', '20:51:55');
INSERT INTO `log` VALUES ('632', 'Ingreso al sistema', '3', '2020-05-04', '20:57:49');
INSERT INTO `log` VALUES ('633', 'Ingreso al sistema', '3', '2020-05-04', '21:06:27');
INSERT INTO `log` VALUES ('634', 'Ingreso al sistema', '3', '2020-05-04', '21:40:59');
INSERT INTO `log` VALUES ('635', 'Ingreso al sistema', '3', '2020-05-04', '21:41:33');
INSERT INTO `log` VALUES ('636', 'Ingreso al sistema', '3', '2020-05-04', '21:42:06');
INSERT INTO `log` VALUES ('637', 'Ingreso al sistema', '3', '2020-05-04', '21:42:33');
INSERT INTO `log` VALUES ('638', 'Ingreso al sistema', '3', '2020-05-04', '21:43:33');
INSERT INTO `log` VALUES ('639', 'Ingreso al sistema', '3', '2020-05-04', '21:44:45');
INSERT INTO `log` VALUES ('640', 'Ingreso al sistema', '3', '2020-05-04', '21:47:02');
INSERT INTO `log` VALUES ('641', 'Ingreso al sistema', '3', '2020-05-04', '21:48:13');
INSERT INTO `log` VALUES ('642', 'Ingreso al sistema', '3', '2020-05-04', '22:08:56');
INSERT INTO `log` VALUES ('643', 'Ingreso al sistema', '3', '2020-05-04', '22:09:40');
INSERT INTO `log` VALUES ('644', 'Ingreso al sistema', '3', '2020-05-04', '22:10:25');
INSERT INTO `log` VALUES ('645', 'Ingreso al sistema', '3', '2020-05-04', '22:12:12');
INSERT INTO `log` VALUES ('646', 'Ingreso al sistema', '3', '2020-05-04', '22:12:34');
INSERT INTO `log` VALUES ('647', 'Se insertado un nuevo registro a la tabla Temas', '3', '2020-05-04', '22:16:44');
INSERT INTO `log` VALUES ('648', 'Ingreso al sistema', '3', '2020-05-04', '22:23:26');
INSERT INTO `log` VALUES ('649', 'Ingreso al sistema', '3', '2020-05-04', '22:31:04');
INSERT INTO `log` VALUES ('650', 'Ingreso al sistema', '3', '2020-05-04', '22:31:50');
INSERT INTO `log` VALUES ('651', 'Ingreso al sistema', '3', '2020-05-04', '22:32:06');
INSERT INTO `log` VALUES ('652', 'Ingreso al sistema', '3', '2020-05-04', '22:34:53');
INSERT INTO `log` VALUES ('653', 'Ingreso al sistema', '3', '2020-05-04', '22:56:47');
INSERT INTO `log` VALUES ('654', 'Ingreso al sistema', '3', '2020-05-04', '22:58:33');
INSERT INTO `log` VALUES ('655', 'Ingreso al sistema', '3', '2020-05-04', '22:59:20');
INSERT INTO `log` VALUES ('656', 'Ingreso al sistema', '3', '2020-05-04', '23:00:15');
INSERT INTO `log` VALUES ('657', 'Ingreso al sistema', '3', '2020-05-04', '23:01:32');
INSERT INTO `log` VALUES ('658', 'Ingreso al sistema', '3', '2020-05-04', '23:02:52');
INSERT INTO `log` VALUES ('659', 'Ingreso al sistema', '3', '2020-05-04', '23:03:41');
INSERT INTO `log` VALUES ('660', 'Ingreso al sistema', '3', '2020-05-04', '23:05:06');
INSERT INTO `log` VALUES ('661', 'Ingreso al sistema', '3', '2020-05-04', '23:08:25');
INSERT INTO `log` VALUES ('662', 'Ha cambiado al tema Prueba', '3', '2020-05-04', '23:17:40');
INSERT INTO `log` VALUES ('663', 'Ha cambiado al tema Adolfo', '3', '2020-05-04', '23:17:45');
INSERT INTO `log` VALUES ('664', 'Ha cambiado al tema Prueba', '3', '2020-05-04', '23:17:47');
INSERT INTO `log` VALUES ('665', 'Ha cambiado al tema Prueba', '3', '2020-05-04', '23:17:49');
INSERT INTO `log` VALUES ('666', 'Ingreso al sistema', '3', '2020-05-04', '23:18:07');
INSERT INTO `log` VALUES ('667', 'Ha cambiado al tema Valgame', '3', '2020-05-04', '23:21:17');
INSERT INTO `log` VALUES ('668', 'Ha cambiado al tema Adolfo', '3', '2020-05-04', '23:21:19');
INSERT INTO `log` VALUES ('669', 'Ha cambiado al tema Prueba', '3', '2020-05-04', '23:21:21');
INSERT INTO `log` VALUES ('670', 'Ha cambiado al tema Prueba1', '3', '2020-05-04', '23:21:23');
INSERT INTO `log` VALUES ('671', 'Ha cambiado al tema Prueba', '3', '2020-05-04', '23:21:26');
INSERT INTO `log` VALUES ('672', 'Ha cambiado al tema Valgame', '3', '2020-05-04', '23:21:28');
INSERT INTO `log` VALUES ('673', 'Ha cambiado al tema Prueba1', '3', '2020-05-04', '23:21:31');
INSERT INTO `log` VALUES ('674', 'Ingreso al sistema', '3', '2020-05-04', '23:44:34');
INSERT INTO `log` VALUES ('675', 'Ha cambiado al tema Adolfo', '3', '2020-05-04', '23:44:39');
INSERT INTO `log` VALUES ('676', 'Ha cambiado al tema Prueba1', '3', '2020-05-04', '23:44:40');
INSERT INTO `log` VALUES ('677', 'Ha cambiado al tema Prueba1', '3', '2020-05-04', '23:44:41');
INSERT INTO `log` VALUES ('678', 'Ha cambiado al tema Prueba', '3', '2020-05-04', '23:44:44');
INSERT INTO `log` VALUES ('679', 'Ha cambiado al tema Prueba1', '3', '2020-05-04', '23:44:46');
INSERT INTO `log` VALUES ('680', 'Ingreso al sistema', '3', '2020-05-04', '23:57:42');
INSERT INTO `log` VALUES ('681', 'Ingreso al sistema', '3', '2020-05-04', '23:58:55');
INSERT INTO `log` VALUES ('682', 'Ingreso al sistema', '3', '2020-05-05', '00:11:02');
INSERT INTO `log` VALUES ('683', 'Ingreso al sistema', '3', '2020-05-05', '00:12:29');
INSERT INTO `log` VALUES ('684', 'Ingreso al sistema', '3', '2020-05-05', '00:13:27');
INSERT INTO `log` VALUES ('685', 'Ingreso al sistema', '3', '2020-05-05', '00:14:42');
INSERT INTO `log` VALUES ('686', 'Ingreso al sistema', '3', '2020-05-05', '00:14:56');
INSERT INTO `log` VALUES ('687', 'Ingreso al sistema', '3', '2020-05-05', '04:30:39');
INSERT INTO `log` VALUES ('688', 'Ingreso al sistema', '3', '2020-05-05', '04:42:15');
INSERT INTO `log` VALUES ('689', 'Ha cambiado al tema Azul Britanico', '3', '2020-05-05', '04:42:35');
INSERT INTO `log` VALUES ('690', 'Ha cambiado al tema Prueba1', '3', '2020-05-05', '04:42:46');
INSERT INTO `log` VALUES ('691', 'Ha cambiado al tema Adolfo', '3', '2020-05-05', '04:42:48');
INSERT INTO `log` VALUES ('692', 'Ha cambiado al tema Prueba1', '3', '2020-05-05', '04:42:50');
INSERT INTO `log` VALUES ('693', 'Ingreso al sistema', '3', '2020-05-05', '04:46:44');
INSERT INTO `log` VALUES ('694', 'Ingreso al sistema', '3', '2020-05-05', '04:55:43');
INSERT INTO `log` VALUES ('695', 'Ingreso al sistema', '3', '2020-05-05', '04:56:37');
INSERT INTO `log` VALUES ('696', 'Ingreso al sistema', '3', '2020-05-05', '05:00:26');
INSERT INTO `log` VALUES ('697', 'Ingreso al sistema', '3', '2020-05-05', '13:47:30');
INSERT INTO `log` VALUES ('698', 'Ha cambiado al tema Adolfo', '3', '2020-05-05', '13:48:16');
INSERT INTO `log` VALUES ('699', 'Ha cambiado al tema Oscuro', '3', '2020-05-05', '13:48:21');
INSERT INTO `log` VALUES ('700', 'Ha cambiado al tema Grey and Blue', '3', '2020-05-05', '13:48:24');
INSERT INTO `log` VALUES ('701', 'Ha cambiado al tema Dark Green', '3', '2020-05-05', '13:48:26');
INSERT INTO `log` VALUES ('702', 'Ha cambiado al tema Prueba1', '3', '2020-05-05', '13:48:33');
INSERT INTO `log` VALUES ('703', 'Ha cambiado al tema Adolfo', '3', '2020-05-05', '13:48:35');
INSERT INTO `log` VALUES ('704', 'Ha cambiado al tema Prueba', '3', '2020-05-05', '13:48:40');
INSERT INTO `log` VALUES ('705', 'Ingreso al sistema', '3', '2020-05-05', '13:52:00');
INSERT INTO `log` VALUES ('706', 'Ha cambiado al tema Adolfo', '3', '2020-05-05', '13:52:39');
INSERT INTO `log` VALUES ('707', 'Se insertado un nuevo registro a la tabla Temas', '3', '2020-05-05', '13:54:52');
INSERT INTO `log` VALUES ('708', 'Ingreso al sistema', '3', '2020-05-05', '14:16:02');
INSERT INTO `log` VALUES ('709', 'Ingreso al sistema', '3', '2020-05-05', '14:16:36');
INSERT INTO `log` VALUES ('710', 'Ingreso al sistema', '3', '2020-05-05', '14:42:13');
INSERT INTO `log` VALUES ('711', 'Ingreso al sistema', '3', '2020-05-05', '14:43:22');
INSERT INTO `log` VALUES ('712', 'Ingreso al sistema', '3', '2020-05-05', '14:45:00');
INSERT INTO `log` VALUES ('713', 'Ingreso al sistema', '3', '2020-05-05', '14:46:55');
INSERT INTO `log` VALUES ('714', 'Ingreso al sistema', '3', '2020-05-05', '14:57:22');
INSERT INTO `log` VALUES ('715', 'Ingreso al sistema', '3', '2020-05-05', '14:58:34');
INSERT INTO `log` VALUES ('716', 'Ingreso al sistema', '3', '2020-05-05', '14:59:13');
INSERT INTO `log` VALUES ('717', 'Ingreso al sistema', '3', '2020-05-05', '14:59:40');
INSERT INTO `log` VALUES ('718', 'Ingreso al sistema', '3', '2020-05-05', '15:03:53');
INSERT INTO `log` VALUES ('719', 'Ingreso al sistema', '3', '2020-05-05', '15:04:39');
INSERT INTO `log` VALUES ('720', 'Ingreso al sistema', '3', '2020-05-05', '15:06:50');
INSERT INTO `log` VALUES ('721', 'Ingreso al sistema', '3', '2020-05-05', '15:28:53');
INSERT INTO `log` VALUES ('722', 'Ingreso al sistema', '3', '2020-05-05', '15:29:44');
INSERT INTO `log` VALUES ('723', 'Ingreso al sistema', '3', '2020-05-05', '15:30:07');
INSERT INTO `log` VALUES ('724', 'Ingreso al sistema', '3', '2020-05-05', '15:30:27');
INSERT INTO `log` VALUES ('725', 'Ingreso al sistema', '3', '2020-05-05', '15:42:14');
INSERT INTO `log` VALUES ('726', 'Se ha modificado un registro de la tabla Temas', '3', '2020-05-05', '15:42:43');
INSERT INTO `log` VALUES ('727', 'Ingreso al sistema', '3', '2020-05-05', '15:43:19');
INSERT INTO `log` VALUES ('728', 'Ha cambiado al tema Prueba1', '3', '2020-05-05', '15:44:11');
INSERT INTO `log` VALUES ('729', 'Ha cambiado al tema Prueba1', '3', '2020-05-05', '15:44:48');
INSERT INTO `log` VALUES ('730', 'Ha cambiado al tema Prueba', '3', '2020-05-05', '15:44:50');
INSERT INTO `log` VALUES ('731', 'Ha cambiado al tema Prueba2', '3', '2020-05-05', '15:44:52');
INSERT INTO `log` VALUES ('732', 'Ha cambiado al tema Prueba1', '3', '2020-05-05', '15:44:54');
INSERT INTO `log` VALUES ('733', 'Ha cambiado al tema Valgame', '3', '2020-05-05', '15:44:56');
INSERT INTO `log` VALUES ('734', 'Ha cambiado al tema Snarky', '3', '2020-05-05', '15:44:59');
INSERT INTO `log` VALUES ('735', 'Ha cambiado al tema Oscuro', '3', '2020-05-05', '15:45:01');
INSERT INTO `log` VALUES ('736', 'Ha cambiado al tema Prueba', '3', '2020-05-05', '15:45:03');
INSERT INTO `log` VALUES ('737', 'Ha cambiado al tema Prueba', '3', '2020-05-05', '15:45:04');
INSERT INTO `log` VALUES ('738', 'Ha cambiado al tema Prueba2', '3', '2020-05-05', '15:45:07');
INSERT INTO `log` VALUES ('739', 'Ha cambiado al tema Prueba1', '3', '2020-05-05', '15:45:09');
INSERT INTO `log` VALUES ('740', 'Ha cambiado al tema Adolfo', '3', '2020-05-05', '15:45:15');
INSERT INTO `log` VALUES ('741', 'Ha cambiado al tema Valgame', '3', '2020-05-05', '15:45:16');
INSERT INTO `log` VALUES ('742', 'Ha cambiado al tema Valgame', '3', '2020-05-05', '15:45:18');
INSERT INTO `log` VALUES ('743', 'Ha cambiado al tema Snarky', '3', '2020-05-05', '15:45:20');
INSERT INTO `log` VALUES ('744', 'Ha cambiado al tema Prueba2', '3', '2020-05-05', '17:57:04');
INSERT INTO `log` VALUES ('745', 'Ha cambiado al tema Prueba1', '3', '2020-05-05', '17:57:08');
INSERT INTO `log` VALUES ('746', 'Ha cambiado al tema Prueba2', '3', '2020-05-05', '17:57:10');
INSERT INTO `log` VALUES ('747', 'Ingreso al sistema', '3', '2020-05-05', '19:24:38');
INSERT INTO `log` VALUES ('748', 'Ingreso al sistema', '3', '2020-05-05', '21:30:48');
INSERT INTO `log` VALUES ('749', 'Ingreso al sistema', '3', '2020-05-05', '21:41:19');
INSERT INTO `log` VALUES ('750', 'Ingreso al sistema', '3', '2020-05-05', '21:42:51');
INSERT INTO `log` VALUES ('751', 'Ha cambiado al tema Prueba2', '3', '2020-05-05', '21:43:37');
INSERT INTO `log` VALUES ('752', 'Ingreso al sistema', '3', '2020-05-05', '21:47:51');
INSERT INTO `log` VALUES ('753', 'Ingreso al sistema', '3', '2020-05-05', '22:54:57');
INSERT INTO `log` VALUES ('754', 'Ingreso al sistema', '3', '2020-05-06', '06:34:51');
INSERT INTO `log` VALUES ('755', 'Ingreso al sistema', '3', '2020-05-06', '06:35:52');
INSERT INTO `log` VALUES ('756', 'Ingreso al sistema', '3', '2020-05-06', '06:46:48');
INSERT INTO `log` VALUES ('757', 'Ha cambiado al tema Prueba', '3', '2020-05-06', '06:56:36');
INSERT INTO `log` VALUES ('758', 'Ha cambiado al tema Prueba2', '3', '2020-05-06', '06:56:42');
INSERT INTO `log` VALUES ('759', 'Ingreso al sistema', '3', '2020-05-06', '06:57:43');
INSERT INTO `log` VALUES ('760', 'Ha cambiado al tema Prueba1', '3', '2020-05-06', '06:57:50');
INSERT INTO `log` VALUES ('761', 'Ingreso al sistema', '3', '2020-05-06', '06:58:54');
INSERT INTO `log` VALUES ('762', 'Ha cambiado al tema Snarky', '3', '2020-05-06', '06:58:59');
INSERT INTO `log` VALUES ('763', 'Ha cambiado al tema Valgame', '3', '2020-05-06', '06:59:00');
INSERT INTO `log` VALUES ('764', 'Ha cambiado al tema Adolfo', '3', '2020-05-06', '06:59:02');
INSERT INTO `log` VALUES ('765', 'Ingreso al sistema', '3', '2020-05-06', '07:00:57');
INSERT INTO `log` VALUES ('766', 'Ha cambiado al tema Prueba1', '3', '2020-05-06', '07:01:10');
INSERT INTO `log` VALUES ('767', 'Ha cambiado al tema Valgame', '3', '2020-05-06', '07:01:49');
INSERT INTO `log` VALUES ('768', 'Ha cambiado al tema Prueba1', '3', '2020-05-06', '07:06:16');
INSERT INTO `log` VALUES ('769', 'Ha cambiado al tema Valgame', '3', '2020-05-06', '07:06:21');
INSERT INTO `log` VALUES ('770', 'Ingreso al sistema', '3', '2020-05-07', '18:12:46');
INSERT INTO `log` VALUES ('771', 'Ingreso al sistema', '3', '2020-05-07', '18:28:55');
INSERT INTO `log` VALUES ('772', 'Ingreso al sistema', '3', '2020-05-07', '19:10:16');
INSERT INTO `log` VALUES ('773', 'Ingreso al sistema', '3', '2020-05-07', '19:11:00');
INSERT INTO `log` VALUES ('774', 'Ingreso al sistema', '3', '2020-05-07', '19:23:02');
INSERT INTO `log` VALUES ('775', 'Se insertado un nuevo registro a la tabla Temas', '3', '2020-05-07', '19:24:39');
INSERT INTO `log` VALUES ('776', 'Ha cambiado al tema Prueba3', '3', '2020-05-07', '19:26:00');
INSERT INTO `log` VALUES ('777', 'Ha cambiado al tema Prueba1', '3', '2020-05-07', '19:26:11');
INSERT INTO `log` VALUES ('778', 'Ha cambiado al tema Valgame', '3', '2020-05-07', '19:26:16');
INSERT INTO `log` VALUES ('779', 'Se ha desactivado un registro de la tabla Estado Civil', '3', '2020-05-07', '19:26:24');
INSERT INTO `log` VALUES ('780', 'Se ha reactivado un registro de la tabla Estado Civil', '3', '2020-05-07', '19:26:30');
INSERT INTO `log` VALUES ('781', 'Ha cambiado al tema Prueba3', '3', '2020-05-07', '19:35:27');
INSERT INTO `log` VALUES ('782', 'Ha cambiado al tema Prueba1', '3', '2020-05-07', '19:35:52');
INSERT INTO `log` VALUES ('783', 'Ha cambiado al tema Valgame', '3', '2020-05-07', '19:36:03');
INSERT INTO `log` VALUES ('784', 'Ingreso al sistema', '3', '2020-05-15', '19:21:53');
INSERT INTO `log` VALUES ('785', 'Ingreso al sistema', '3', '2020-05-15', '19:22:57');
INSERT INTO `log` VALUES ('786', 'Se insertado un nuevo registro a la tabla Temas', '3', '2020-05-15', '19:24:13');
INSERT INTO `log` VALUES ('787', 'Ingreso al sistema', '3', '2020-05-16', '14:18:15');
INSERT INTO `log` VALUES ('788', 'Ingreso al sistema', '3', '2020-05-16', '14:23:59');
INSERT INTO `log` VALUES ('789', 'Se insertado un nuevo registro a la tabla Datos Personales', '3', '2020-05-16', '14:25:25');
INSERT INTO `log` VALUES ('790', 'Ingreso al sistema', '3', '2020-05-16', '14:30:37');
INSERT INTO `log` VALUES ('791', 'Ingreso al sistema', '3', '2020-05-16', '14:31:37');
INSERT INTO `log` VALUES ('792', 'Ingreso al sistema', '3', '2020-05-20', '16:08:18');
INSERT INTO `log` VALUES ('793', 'Ha cambiado al tema Adolfo', '3', '2020-05-20', '16:13:39');
INSERT INTO `log` VALUES ('794', 'Ha cambiado al tema Prueba2', '3', '2020-05-20', '16:13:55');
INSERT INTO `log` VALUES ('795', 'Se insertado un nuevo registro a la tabla Temas', '3', '2020-05-20', '16:17:01');
INSERT INTO `log` VALUES ('796', 'Ingreso al sistema', '3', '2020-05-20', '16:19:28');
INSERT INTO `log` VALUES ('797', 'Ingreso al sistema', '3', '2020-05-20', '18:43:37');
INSERT INTO `log` VALUES ('798', 'Ingreso al sistema', '3', '2020-05-20', '18:45:02');
INSERT INTO `log` VALUES ('799', 'Ingreso al sistema', '3', '2020-05-20', '18:45:48');
INSERT INTO `log` VALUES ('800', 'Ingreso al sistema', '3', '2020-05-20', '18:46:49');
INSERT INTO `log` VALUES ('801', 'Ingreso al sistema', '3', '2020-05-20', '18:48:42');
INSERT INTO `log` VALUES ('802', 'Ingreso al sistema', '3', '2020-05-20', '18:52:38');
INSERT INTO `log` VALUES ('803', 'Ingreso al sistema', '3', '2020-05-20', '18:54:09');
INSERT INTO `log` VALUES ('804', 'Ingreso al sistema', '3', '2020-05-20', '18:56:22');
INSERT INTO `log` VALUES ('805', 'Ingreso al sistema', '3', '2020-05-20', '18:58:42');
INSERT INTO `log` VALUES ('806', 'Ingreso al sistema', '3', '2020-05-20', '19:02:24');
INSERT INTO `log` VALUES ('807', 'Ingreso al sistema', '3', '2020-05-20', '19:09:46');
INSERT INTO `log` VALUES ('808', 'Ingreso al sistema', '3', '2020-05-20', '19:21:41');
INSERT INTO `log` VALUES ('809', 'Ingreso al sistema', '3', '2020-05-20', '19:22:06');
INSERT INTO `log` VALUES ('810', 'Ingreso al sistema', '3', '2020-05-20', '19:30:05');
INSERT INTO `log` VALUES ('811', 'Ingreso al sistema', '3', '2020-05-20', '19:34:35');
INSERT INTO `log` VALUES ('812', 'Ingreso al sistema', '3', '2020-05-20', '19:36:52');
INSERT INTO `log` VALUES ('813', 'Ingreso al sistema', '3', '2020-05-20', '19:38:24');
INSERT INTO `log` VALUES ('814', 'Ingreso al sistema', '3', '2020-05-20', '19:38:56');
INSERT INTO `log` VALUES ('815', 'Ingreso al sistema', '3', '2020-05-20', '19:43:05');
INSERT INTO `log` VALUES ('816', 'Ingreso al sistema', '3', '2020-05-20', '19:57:17');
INSERT INTO `log` VALUES ('817', 'Ingreso al sistema', '3', '2020-05-20', '19:57:31');
INSERT INTO `log` VALUES ('818', 'Ingreso al sistema', '3', '2020-05-20', '20:12:18');
INSERT INTO `log` VALUES ('819', 'Ingreso al sistema', '3', '2020-05-20', '20:20:00');
INSERT INTO `log` VALUES ('820', 'Se ha desactivado un registro de la tabla Estado Civil', '3', '2020-05-20', '20:20:07');
INSERT INTO `log` VALUES ('821', 'Se ha reactivado un registro de la tabla Estado Civil', '3', '2020-05-20', '20:20:13');
INSERT INTO `log` VALUES ('822', 'Se ha desactivado un registro de la tabla Estado Civil', '3', '2020-05-20', '20:20:17');
INSERT INTO `log` VALUES ('823', 'Se ha reactivado un registro de la tabla Estado Civil', '3', '2020-05-20', '20:20:31');
INSERT INTO `log` VALUES ('824', 'Ingreso al sistema', '3', '2020-05-20', '20:20:35');
INSERT INTO `log` VALUES ('825', 'Ingreso al sistema', '3', '2020-05-20', '20:23:32');
INSERT INTO `log` VALUES ('826', 'Ingreso al sistema', '3', '2020-05-20', '20:25:20');
INSERT INTO `log` VALUES ('827', 'Ingreso al sistema', '3', '2020-05-20', '20:27:23');
INSERT INTO `log` VALUES ('828', 'Ingreso al sistema', '3', '2020-05-20', '21:12:00');
INSERT INTO `log` VALUES ('829', 'Ingreso al sistema', '3', '2020-05-20', '21:12:42');
INSERT INTO `log` VALUES ('830', 'Ingreso al sistema', '3', '2020-05-20', '21:15:58');
INSERT INTO `log` VALUES ('831', 'Ingreso al sistema', '3', '2020-05-20', '21:22:52');
INSERT INTO `log` VALUES ('832', 'Ingreso al sistema', '3', '2020-05-20', '21:33:35');
INSERT INTO `log` VALUES ('833', 'Ingreso al sistema', '3', '2020-05-20', '21:44:35');
INSERT INTO `log` VALUES ('834', 'Ingreso al sistema', '3', '2020-05-20', '21:50:32');
INSERT INTO `log` VALUES ('835', 'Ingreso al sistema', '3', '2020-05-21', '01:44:50');
INSERT INTO `log` VALUES ('836', 'Ingreso al sistema', '3', '2020-05-21', '01:45:53');
INSERT INTO `log` VALUES ('837', 'Ingreso al sistema', '3', '2020-05-21', '01:46:14');
INSERT INTO `log` VALUES ('838', 'Ingreso al sistema', '3', '2020-05-21', '01:46:47');
INSERT INTO `log` VALUES ('839', 'Ingreso al sistema', '3', '2020-05-21', '01:48:24');
INSERT INTO `log` VALUES ('840', 'Ingreso al sistema', '3', '2020-05-21', '01:50:05');
INSERT INTO `log` VALUES ('841', 'Ingreso al sistema', '3', '2020-05-21', '01:52:27');
INSERT INTO `log` VALUES ('842', 'Ingreso al sistema', '3', '2020-05-21', '02:08:26');
INSERT INTO `log` VALUES ('843', 'Ingreso al sistema', '3', '2020-05-21', '02:09:10');
INSERT INTO `log` VALUES ('844', 'Ingreso al sistema', '3', '2020-05-21', '02:13:07');
INSERT INTO `log` VALUES ('845', 'Ingreso al sistema', '3', '2020-05-21', '02:14:06');
INSERT INTO `log` VALUES ('846', 'Ingreso al sistema', '3', '2020-05-21', '02:15:49');
INSERT INTO `log` VALUES ('847', 'Ingreso al sistema', '3', '2020-05-21', '02:16:37');
INSERT INTO `log` VALUES ('848', 'Ingreso al sistema', '3', '2020-05-21', '02:17:20');
INSERT INTO `log` VALUES ('849', 'Ingreso al sistema', '3', '2020-05-21', '02:30:05');
INSERT INTO `log` VALUES ('850', 'Ingreso al sistema', '3', '2020-05-21', '02:31:23');
INSERT INTO `log` VALUES ('851', 'Ingreso al sistema', '3', '2020-05-21', '02:47:09');
INSERT INTO `log` VALUES ('852', 'Ingreso al sistema', '3', '2020-05-21', '02:47:39');
INSERT INTO `log` VALUES ('853', 'Ingreso al sistema', '3', '2020-05-21', '02:48:10');
INSERT INTO `log` VALUES ('854', 'Ingreso al sistema', '3', '2020-05-21', '02:48:27');
INSERT INTO `log` VALUES ('855', 'Ingreso al sistema', '3', '2020-05-21', '03:01:28');
INSERT INTO `log` VALUES ('856', 'Ingreso al sistema', '3', '2020-05-21', '03:02:46');
INSERT INTO `log` VALUES ('857', 'Ingreso al sistema', '3', '2020-05-21', '03:15:02');
INSERT INTO `log` VALUES ('858', 'Ingreso al sistema', '3', '2020-05-21', '03:15:27');
INSERT INTO `log` VALUES ('859', 'Ingreso al sistema', '3', '2020-05-21', '03:16:28');
INSERT INTO `log` VALUES ('860', 'Ingreso al sistema', '3', '2020-05-21', '03:27:13');
INSERT INTO `log` VALUES ('861', 'Ingreso al sistema', '3', '2020-05-21', '03:30:49');
INSERT INTO `log` VALUES ('862', 'Ingreso al sistema', '3', '2020-05-21', '03:31:17');
INSERT INTO `log` VALUES ('863', 'Ingreso al sistema', '3', '2020-05-21', '03:31:34');
INSERT INTO `log` VALUES ('864', 'Ingreso al sistema', '3', '2020-05-21', '03:39:55');
INSERT INTO `log` VALUES ('865', 'Ingreso al sistema', '3', '2020-05-21', '03:41:49');
INSERT INTO `log` VALUES ('866', 'Ingreso al sistema', '3', '2020-05-21', '03:43:10');
INSERT INTO `log` VALUES ('867', 'Ingreso al sistema', '3', '2020-05-21', '03:44:53');
INSERT INTO `log` VALUES ('868', 'Ingreso al sistema', '3', '2020-05-21', '03:45:09');
INSERT INTO `log` VALUES ('869', 'Ingreso al sistema', '3', '2020-05-21', '03:47:00');
INSERT INTO `log` VALUES ('870', 'Salio del sistema', '3', '2020-05-21', '03:47:07');
INSERT INTO `log` VALUES ('871', 'Ingreso al sistema', '3', '2020-05-21', '03:48:33');
INSERT INTO `log` VALUES ('872', 'Ingreso al sistema', '3', '2020-05-21', '12:48:46');
INSERT INTO `log` VALUES ('873', 'Ingreso al sistema', '3', '2020-05-21', '13:17:40');
INSERT INTO `log` VALUES ('874', 'Ingreso al sistema', '3', '2020-05-21', '13:17:59');
INSERT INTO `log` VALUES ('875', 'Ingreso al sistema', '3', '2020-05-21', '13:19:56');
INSERT INTO `log` VALUES ('876', 'Se insertado un nuevo registro a la tabla Usuarios', '3', '2020-05-21', '13:20:48');
INSERT INTO `log` VALUES ('877', 'Ingreso al sistema', '3', '2020-05-21', '13:22:53');
INSERT INTO `log` VALUES ('878', 'Se insertado un nuevo registro a la tabla Usuarios', '3', '2020-05-21', '13:23:22');
INSERT INTO `log` VALUES ('879', 'Ingreso al sistema', '3', '2020-05-21', '13:24:17');
INSERT INTO `log` VALUES ('880', 'Se insertado un nuevo registro a la tabla Usuarios', '3', '2020-05-21', '13:24:48');
INSERT INTO `log` VALUES ('881', 'Ingreso al sistema', '3', '2020-05-21', '13:25:47');
INSERT INTO `log` VALUES ('882', 'Se insertado un nuevo registro a la tabla Usuarios', '3', '2020-05-21', '13:26:06');
INSERT INTO `log` VALUES ('883', 'Ingreso al sistema', '3', '2020-05-21', '13:27:59');
INSERT INTO `log` VALUES ('884', 'Se insertado un nuevo registro a la tabla Usuarios', '3', '2020-05-21', '13:28:22');
INSERT INTO `log` VALUES ('885', 'Ingreso al sistema', '3', '2020-05-21', '13:30:19');
INSERT INTO `log` VALUES ('886', 'Ingreso al sistema', '3', '2020-05-21', '13:30:57');
INSERT INTO `log` VALUES ('887', 'Se insertado un nuevo registro a la tabla Usuarios', '3', '2020-05-21', '13:31:24');
INSERT INTO `log` VALUES ('888', 'Ingreso al sistema', '3', '2020-05-21', '17:23:09');
INSERT INTO `log` VALUES ('889', 'Ingreso al sistema', '3', '2020-05-21', '17:23:56');
INSERT INTO `log` VALUES ('890', 'Ingreso al sistema', '3', '2020-05-21', '17:25:19');
INSERT INTO `log` VALUES ('891', 'Ingreso al sistema', '3', '2020-05-21', '17:25:41');
INSERT INTO `log` VALUES ('892', 'Ingreso al sistema', '3', '2020-05-21', '17:26:24');
INSERT INTO `log` VALUES ('893', 'Ingreso al sistema', '3', '2020-05-21', '17:33:50');
INSERT INTO `log` VALUES ('894', 'Ingreso al sistema', '3', '2020-05-21', '17:35:40');
INSERT INTO `log` VALUES ('895', 'Ingreso al sistema', '3', '2020-05-21', '17:36:49');
INSERT INTO `log` VALUES ('896', 'Se ha desactivado un registro de la tabla Usuarios', '3', '2020-05-21', '17:43:16');
INSERT INTO `log` VALUES ('897', 'Se ha reactivado un registro de la tabla Usuarios', '3', '2020-05-21', '17:43:17');
INSERT INTO `log` VALUES ('898', 'Ingreso al sistema', '3', '2020-05-21', '17:45:53');
INSERT INTO `log` VALUES ('899', 'Se ha desactivado un registro de la tabla Usuarios', '3', '2020-05-21', '17:45:58');
INSERT INTO `log` VALUES ('900', 'Ingreso al sistema', '3', '2020-05-21', '17:46:57');
INSERT INTO `log` VALUES ('901', 'Se ha reactivado un registro de la tabla Usuarios', '3', '2020-05-21', '17:47:10');
INSERT INTO `log` VALUES ('902', 'Se ha desactivado un registro de la tabla Usuarios', '3', '2020-05-21', '17:47:10');
INSERT INTO `log` VALUES ('903', 'Se ha reactivado un registro de la tabla Usuarios', '3', '2020-05-21', '17:47:13');
INSERT INTO `log` VALUES ('904', 'Ingreso al sistema', '3', '2020-05-21', '18:43:42');
INSERT INTO `log` VALUES ('905', 'Ingreso al sistema', '3', '2020-05-21', '18:46:10');
INSERT INTO `log` VALUES ('906', 'Ingreso al sistema', '3', '2020-05-21', '18:52:57');
INSERT INTO `log` VALUES ('907', 'Ingreso al sistema', '3', '2020-05-21', '18:56:15');
INSERT INTO `log` VALUES ('908', 'Ingreso al sistema', '3', '2020-05-21', '19:31:02');
INSERT INTO `log` VALUES ('909', 'Ingreso al sistema', '3', '2020-05-21', '19:32:14');
INSERT INTO `log` VALUES ('910', 'Ingreso al sistema', '3', '2020-05-21', '20:58:18');
INSERT INTO `log` VALUES ('911', 'Ingreso al sistema', '3', '2020-05-21', '21:00:08');
INSERT INTO `log` VALUES ('912', 'Ingreso al sistema', '3', '2020-05-21', '21:01:10');
INSERT INTO `log` VALUES ('913', 'Ingreso al sistema', '3', '2020-05-21', '21:02:12');
INSERT INTO `log` VALUES ('914', 'Ingreso al sistema', '3', '2020-05-21', '21:28:48');
INSERT INTO `log` VALUES ('915', 'Ingreso al sistema', '3', '2020-05-21', '21:31:09');
INSERT INTO `log` VALUES ('916', 'Ingreso al sistema', '3', '2020-05-21', '21:32:26');
INSERT INTO `log` VALUES ('917', 'Ingreso al sistema', '3', '2020-05-21', '22:18:16');
INSERT INTO `log` VALUES ('918', 'Ingreso al sistema', '3', '2020-05-21', '22:21:39');
INSERT INTO `log` VALUES ('919', 'Ingreso al sistema', '3', '2020-05-21', '22:23:14');
INSERT INTO `log` VALUES ('920', 'Ingreso al sistema', '3', '2020-05-21', '22:24:23');
INSERT INTO `log` VALUES ('921', 'Ingreso al sistema', '3', '2020-05-21', '22:30:36');
INSERT INTO `log` VALUES ('922', 'Ingreso al sistema', '3', '2020-05-21', '22:33:18');
INSERT INTO `log` VALUES ('923', 'Ingreso al sistema', '3', '2020-05-21', '22:39:45');
INSERT INTO `log` VALUES ('924', 'Ingreso al sistema', '3', '2020-05-21', '22:40:33');
INSERT INTO `log` VALUES ('925', 'Ingreso al sistema', '3', '2020-05-21', '22:42:07');
INSERT INTO `log` VALUES ('926', 'Ingreso al sistema', '3', '2020-05-21', '22:45:19');
INSERT INTO `log` VALUES ('927', 'Ingreso al sistema', '3', '2020-05-21', '22:46:41');
INSERT INTO `log` VALUES ('928', 'Ingreso al sistema', '3', '2020-05-21', '22:48:22');
INSERT INTO `log` VALUES ('929', 'Ingreso al sistema', '3', '2020-05-21', '22:48:47');
INSERT INTO `log` VALUES ('930', 'Ingreso al sistema', '3', '2020-05-21', '23:05:33');
INSERT INTO `log` VALUES ('931', 'Ingreso al sistema', '3', '2020-05-21', '23:05:56');
INSERT INTO `log` VALUES ('932', 'Ingreso al sistema', '3', '2020-05-21', '23:07:01');
INSERT INTO `log` VALUES ('933', 'Se ha creado un horario para la persona Federico Viera Decida', '3', '2020-05-21', '23:07:12');
INSERT INTO `log` VALUES ('934', 'Ingreso al sistema', '3', '2020-05-21', '23:15:06');
INSERT INTO `log` VALUES ('935', 'Se han actualizado los permisos del usuario hipo', '3', '2020-05-21', '23:15:13');
INSERT INTO `log` VALUES ('936', 'Ingreso al sistema', '3', '2020-05-21', '23:15:27');
INSERT INTO `log` VALUES ('937', 'Se han actualizado los permisos del usuario hipo', '3', '2020-05-21', '23:15:34');
INSERT INTO `log` VALUES ('938', 'Ingreso al sistema', '3', '2020-05-21', '23:15:45');
INSERT INTO `log` VALUES ('939', 'Se han actualizado los permisos del usuario hipo', '3', '2020-05-21', '23:15:51');
INSERT INTO `log` VALUES ('940', 'Ingreso al sistema', '3', '2020-05-21', '23:17:35');
INSERT INTO `log` VALUES ('941', 'Se han actualizado los permisos del usuario hipo', '3', '2020-05-21', '23:17:42');
INSERT INTO `log` VALUES ('942', 'Se han actualizado los permisos del usuario hipo', '3', '2020-05-21', '23:17:53');
INSERT INTO `log` VALUES ('943', 'Se han actualizado los permisos del usuario gfar', '3', '2020-05-21', '23:21:30');
INSERT INTO `log` VALUES ('944', 'Ingreso al sistema', '3', '2020-05-21', '23:31:54');
INSERT INTO `log` VALUES ('945', 'Ingreso al sistema', '3', '2020-05-21', '23:38:22');
INSERT INTO `log` VALUES ('946', 'Ingreso al sistema', '3', '2020-05-21', '23:55:07');
INSERT INTO `log` VALUES ('947', 'Ingreso al sistema', '3', '2020-05-21', '23:58:12');
INSERT INTO `log` VALUES ('948', 'Salio del sistema', '3', '2020-05-21', '23:59:17');
INSERT INTO `log` VALUES ('949', 'Ingreso al sistema', '3', '2020-05-21', '23:59:23');
INSERT INTO `log` VALUES ('950', 'Salio del sistema', '3', '2020-05-22', '00:10:41');
INSERT INTO `log` VALUES ('951', 'Ingreso al sistema', '3', '2020-05-22', '00:10:55');
INSERT INTO `log` VALUES ('952', 'Se ha desactivado un registro de la tabla Usuarios', '3', '2020-05-22', '00:11:49');
INSERT INTO `log` VALUES ('953', 'Se ha reactivado un registro de la tabla Usuarios', '3', '2020-05-22', '00:11:59');
INSERT INTO `log` VALUES ('954', 'Se insertado un nuevo registro a la tabla Usuarios', '3', '2020-05-22', '00:13:37');
INSERT INTO `log` VALUES ('955', 'Salio del sistema', '3', '2020-05-22', '00:14:23');
INSERT INTO `log` VALUES ('956', 'Ingreso al sistema', '3', '2020-05-22', '00:14:27');
INSERT INTO `log` VALUES ('957', 'Se han actualizado los permisos del usuario soto1', '3', '2020-05-22', '00:16:09');
INSERT INTO `log` VALUES ('958', 'Ingreso al sistema', '3', '2020-05-23', '15:44:48');
INSERT INTO `log` VALUES ('959', 'Ingreso al sistema', '3', '2020-05-25', '12:03:49');
INSERT INTO `log` VALUES ('960', 'Ingreso al sistema', '3', '2020-05-25', '12:04:13');
INSERT INTO `log` VALUES ('961', 'Ingreso al sistema', '3', '2020-05-25', '12:11:20');
INSERT INTO `log` VALUES ('962', 'Ingreso al sistema', '3', '2020-05-25', '12:22:42');
INSERT INTO `log` VALUES ('963', 'Ingreso al sistema', '3', '2020-05-25', '12:23:09');
INSERT INTO `log` VALUES ('964', 'Ingreso al sistema', '3', '2020-05-25', '12:24:08');
INSERT INTO `log` VALUES ('965', 'Ingreso al sistema', '3', '2020-05-25', '12:28:17');
INSERT INTO `log` VALUES ('966', 'Ingreso al sistema', '3', '2020-05-25', '12:29:01');
INSERT INTO `log` VALUES ('967', 'Ingreso al sistema', '3', '2020-05-25', '12:29:27');
INSERT INTO `log` VALUES ('968', 'Ingreso al sistema', '3', '2020-05-25', '12:32:46');
INSERT INTO `log` VALUES ('969', 'Ingreso al sistema', '3', '2020-05-25', '12:33:05');
INSERT INTO `log` VALUES ('970', 'Ingreso al sistema', '3', '2020-05-25', '12:35:41');
INSERT INTO `log` VALUES ('971', 'Ingreso al sistema', '3', '2020-05-25', '12:37:24');
INSERT INTO `log` VALUES ('972', 'Ingreso al sistema', '3', '2020-05-25', '12:37:49');
INSERT INTO `log` VALUES ('973', 'Ingreso al sistema', '3', '2020-05-25', '12:37:56');
INSERT INTO `log` VALUES ('974', 'Ingreso al sistema', '3', '2020-05-25', '13:19:46');
INSERT INTO `log` VALUES ('975', 'Ingreso al sistema', '3', '2020-05-25', '13:20:23');
INSERT INTO `log` VALUES ('976', 'Ingreso al sistema', '3', '2020-05-25', '13:20:37');
INSERT INTO `log` VALUES ('977', 'Ingreso al sistema', '3', '2020-05-25', '13:21:21');
INSERT INTO `log` VALUES ('978', 'Ingreso al sistema', '3', '2020-05-25', '13:22:45');
INSERT INTO `log` VALUES ('979', 'Ingreso al sistema', '3', '2020-05-25', '13:23:31');
INSERT INTO `log` VALUES ('980', 'Ingreso al sistema', '3', '2020-05-25', '13:23:59');
INSERT INTO `log` VALUES ('981', 'Ingreso al sistema', '3', '2020-05-25', '13:25:23');
INSERT INTO `log` VALUES ('982', 'Ingreso al sistema', '3', '2020-05-25', '13:26:11');
INSERT INTO `log` VALUES ('983', 'Ingreso al sistema', '3', '2020-05-25', '13:28:00');
INSERT INTO `log` VALUES ('984', 'Ingreso al sistema', '3', '2020-05-25', '13:29:16');
INSERT INTO `log` VALUES ('985', 'Ingreso al sistema', '3', '2020-05-25', '13:29:34');
INSERT INTO `log` VALUES ('986', 'Ingreso al sistema', '3', '2020-05-25', '13:29:57');
INSERT INTO `log` VALUES ('987', 'Ingreso al sistema', '3', '2020-05-25', '13:33:19');
INSERT INTO `log` VALUES ('988', 'Ingreso al sistema', '3', '2020-05-25', '13:37:12');
INSERT INTO `log` VALUES ('989', 'Ingreso al sistema', '3', '2020-05-25', '13:37:36');
INSERT INTO `log` VALUES ('990', 'Ingreso al sistema', '3', '2020-05-25', '13:37:54');
INSERT INTO `log` VALUES ('991', 'Ingreso al sistema', '3', '2020-05-25', '13:38:06');
INSERT INTO `log` VALUES ('992', 'Ingreso al sistema', '3', '2020-05-25', '13:40:06');
INSERT INTO `log` VALUES ('993', 'Ingreso al sistema', '3', '2020-05-25', '13:40:38');
INSERT INTO `log` VALUES ('994', 'Ingreso al sistema', '3', '2020-05-25', '13:40:53');
INSERT INTO `log` VALUES ('995', 'Ingreso al sistema', '3', '2020-05-25', '13:42:10');
INSERT INTO `log` VALUES ('996', 'Ingreso al sistema', '3', '2020-05-25', '13:42:51');
INSERT INTO `log` VALUES ('997', 'Ingreso al sistema', '3', '2020-05-25', '13:48:03');
INSERT INTO `log` VALUES ('998', 'Ingreso al sistema', '3', '2020-05-25', '13:49:11');
INSERT INTO `log` VALUES ('999', 'Ingreso al sistema', '3', '2020-05-25', '13:49:32');
INSERT INTO `log` VALUES ('1000', 'Ingreso al sistema', '3', '2020-05-25', '13:50:43');
INSERT INTO `log` VALUES ('1001', 'Ingreso al sistema', '3', '2020-05-25', '13:51:12');
INSERT INTO `log` VALUES ('1002', 'Ingreso al sistema', '3', '2020-05-25', '13:51:22');
INSERT INTO `log` VALUES ('1003', 'Ingreso al sistema', '3', '2020-05-25', '13:51:32');
INSERT INTO `log` VALUES ('1004', 'Ingreso al sistema', '3', '2020-05-25', '13:52:04');
INSERT INTO `log` VALUES ('1005', 'Ingreso al sistema', '3', '2020-05-25', '13:52:17');
INSERT INTO `log` VALUES ('1006', 'Ingreso al sistema', '3', '2020-05-25', '13:52:30');
INSERT INTO `log` VALUES ('1007', 'Ingreso al sistema', '3', '2020-05-25', '13:54:16');
INSERT INTO `log` VALUES ('1008', 'Ingreso al sistema', '3', '2020-05-25', '13:54:59');
INSERT INTO `log` VALUES ('1009', 'Ingreso al sistema', '3', '2020-05-25', '13:55:12');
INSERT INTO `log` VALUES ('1010', 'Ingreso al sistema', '3', '2020-05-25', '13:56:25');
INSERT INTO `log` VALUES ('1011', 'Ingreso al sistema', '3', '2020-05-25', '14:02:41');
INSERT INTO `log` VALUES ('1012', 'Ingreso al sistema', '3', '2020-05-25', '14:03:07');
INSERT INTO `log` VALUES ('1013', 'Ingreso al sistema', '3', '2020-05-25', '14:03:17');
INSERT INTO `log` VALUES ('1014', 'Ingreso al sistema', '3', '2020-05-25', '14:04:14');
INSERT INTO `log` VALUES ('1015', 'Ingreso al sistema', '3', '2020-05-25', '14:04:41');
INSERT INTO `log` VALUES ('1016', 'Ingreso al sistema', '3', '2020-05-25', '14:05:00');
INSERT INTO `log` VALUES ('1017', 'Ingreso al sistema', '3', '2020-05-25', '14:06:54');
INSERT INTO `log` VALUES ('1018', 'Ingreso al sistema', '3', '2020-05-25', '14:08:40');
INSERT INTO `log` VALUES ('1019', 'Ingreso al sistema', '3', '2020-05-25', '14:12:43');
INSERT INTO `log` VALUES ('1020', 'Ingreso al sistema', '3', '2020-05-25', '14:18:16');
INSERT INTO `log` VALUES ('1021', 'Ingreso al sistema', '3', '2020-05-25', '14:24:14');
INSERT INTO `log` VALUES ('1022', 'Ingreso al sistema', '3', '2020-05-25', '14:25:13');
INSERT INTO `log` VALUES ('1023', 'Ingreso al sistema', '3', '2020-05-25', '14:26:28');
INSERT INTO `log` VALUES ('1024', 'Ingreso al sistema', '3', '2020-05-25', '14:27:07');
INSERT INTO `log` VALUES ('1025', 'Ingreso al sistema', '3', '2020-05-25', '14:28:09');
INSERT INTO `log` VALUES ('1026', 'Ingreso al sistema', '3', '2020-05-25', '14:28:46');
INSERT INTO `log` VALUES ('1027', 'Ingreso al sistema', '3', '2020-05-25', '14:29:09');
INSERT INTO `log` VALUES ('1028', 'Ingreso al sistema', '3', '2020-05-25', '14:29:31');
INSERT INTO `log` VALUES ('1029', 'Ingreso al sistema', '3', '2020-05-25', '14:29:48');
INSERT INTO `log` VALUES ('1030', 'Ingreso al sistema', '3', '2020-05-25', '14:30:16');
INSERT INTO `log` VALUES ('1031', 'Ingreso al sistema', '3', '2020-05-25', '14:30:27');
INSERT INTO `log` VALUES ('1032', 'Ingreso al sistema', '3', '2020-05-25', '14:30:38');
INSERT INTO `log` VALUES ('1033', 'Ingreso al sistema', '3', '2020-05-25', '14:30:50');
INSERT INTO `log` VALUES ('1034', 'Ingreso al sistema', '3', '2020-05-25', '14:30:59');
INSERT INTO `log` VALUES ('1035', 'Ingreso al sistema', '3', '2020-05-25', '14:31:07');
INSERT INTO `log` VALUES ('1036', 'Ingreso al sistema', '3', '2020-05-25', '14:31:20');
INSERT INTO `log` VALUES ('1037', 'Ingreso al sistema', '3', '2020-05-25', '14:31:30');
INSERT INTO `log` VALUES ('1038', 'Ingreso al sistema', '3', '2020-05-25', '14:32:07');
INSERT INTO `log` VALUES ('1039', 'Ingreso al sistema', '3', '2020-05-25', '14:32:29');
INSERT INTO `log` VALUES ('1040', 'Ingreso al sistema', '3', '2020-05-25', '14:32:49');
INSERT INTO `log` VALUES ('1041', 'Ingreso al sistema', '3', '2020-05-25', '14:33:06');
INSERT INTO `log` VALUES ('1042', 'Ingreso al sistema', '3', '2020-05-25', '14:33:17');
INSERT INTO `log` VALUES ('1043', 'Ingreso al sistema', '3', '2020-05-25', '14:33:30');
INSERT INTO `log` VALUES ('1044', 'Ingreso al sistema', '3', '2020-05-25', '14:34:13');
INSERT INTO `log` VALUES ('1045', 'Ingreso al sistema', '3', '2020-05-25', '14:34:34');
INSERT INTO `log` VALUES ('1046', 'Ingreso al sistema', '3', '2020-05-25', '14:34:55');
INSERT INTO `log` VALUES ('1047', 'Ingreso al sistema', '3', '2020-05-25', '14:35:26');
INSERT INTO `log` VALUES ('1048', 'Ingreso al sistema', '3', '2020-05-25', '14:36:00');
INSERT INTO `log` VALUES ('1049', 'Ingreso al sistema', '3', '2020-05-25', '14:36:09');
INSERT INTO `log` VALUES ('1050', 'Ingreso al sistema', '3', '2020-05-25', '14:36:19');
INSERT INTO `log` VALUES ('1051', 'Ingreso al sistema', '3', '2020-05-25', '14:36:36');
INSERT INTO `log` VALUES ('1052', 'Ingreso al sistema', '3', '2020-05-25', '14:38:21');
INSERT INTO `log` VALUES ('1053', 'Ingreso al sistema', '3', '2020-05-25', '14:42:56');
INSERT INTO `log` VALUES ('1054', 'Ingreso al sistema', '3', '2020-05-25', '14:43:59');
INSERT INTO `log` VALUES ('1055', 'Ingreso al sistema', '3', '2020-05-25', '14:44:17');
INSERT INTO `log` VALUES ('1056', 'Ingreso al sistema', '3', '2020-05-25', '14:45:04');
INSERT INTO `log` VALUES ('1057', 'Ingreso al sistema', '3', '2020-05-25', '14:45:14');
INSERT INTO `log` VALUES ('1058', 'Ingreso al sistema', '3', '2020-05-25', '14:45:27');
INSERT INTO `log` VALUES ('1059', 'Ingreso al sistema', '3', '2020-05-25', '14:46:11');
INSERT INTO `log` VALUES ('1060', 'Ingreso al sistema', '3', '2020-05-25', '14:46:22');
INSERT INTO `log` VALUES ('1061', 'Ingreso al sistema', '3', '2020-05-25', '14:46:37');
INSERT INTO `log` VALUES ('1062', 'Ingreso al sistema', '3', '2020-05-25', '14:46:58');
INSERT INTO `log` VALUES ('1063', 'Ingreso al sistema', '3', '2020-05-25', '14:47:07');
INSERT INTO `log` VALUES ('1064', 'Ingreso al sistema', '3', '2020-05-25', '14:47:42');
INSERT INTO `log` VALUES ('1065', 'Ingreso al sistema', '3', '2020-05-25', '14:52:33');
INSERT INTO `log` VALUES ('1066', 'Ingreso al sistema', '3', '2020-05-25', '14:52:49');
INSERT INTO `log` VALUES ('1067', 'Ingreso al sistema', '3', '2020-05-25', '14:53:15');
INSERT INTO `log` VALUES ('1068', 'Ingreso al sistema', '3', '2020-05-25', '15:46:05');
INSERT INTO `log` VALUES ('1069', 'Ingreso al sistema', '3', '2020-05-25', '15:46:23');
INSERT INTO `log` VALUES ('1070', 'Ingreso al sistema', '3', '2020-05-25', '15:46:54');
INSERT INTO `log` VALUES ('1071', 'Ingreso al sistema', '3', '2020-05-25', '15:48:26');
INSERT INTO `log` VALUES ('1072', 'Ingreso al sistema', '3', '2020-05-25', '15:48:51');
INSERT INTO `log` VALUES ('1073', 'Ingreso al sistema', '3', '2020-05-25', '15:50:43');
INSERT INTO `log` VALUES ('1074', 'Ingreso al sistema', '3', '2020-05-25', '15:51:11');
INSERT INTO `log` VALUES ('1075', 'Ingreso al sistema', '3', '2020-05-25', '15:51:35');
INSERT INTO `log` VALUES ('1076', 'Ingreso al sistema', '3', '2020-05-25', '15:52:15');
INSERT INTO `log` VALUES ('1077', 'Ingreso al sistema', '3', '2020-05-25', '15:54:59');
INSERT INTO `log` VALUES ('1078', 'Ingreso al sistema', '3', '2020-05-25', '15:55:18');
INSERT INTO `log` VALUES ('1079', 'Ingreso al sistema', '3', '2020-05-25', '15:56:17');
INSERT INTO `log` VALUES ('1080', 'Ingreso al sistema', '3', '2020-05-25', '15:56:39');
INSERT INTO `log` VALUES ('1081', 'Ingreso al sistema', '3', '2020-05-25', '15:56:54');
INSERT INTO `log` VALUES ('1082', 'Ingreso al sistema', '3', '2020-05-25', '15:57:26');
INSERT INTO `log` VALUES ('1083', 'Ingreso al sistema', '3', '2020-05-25', '15:58:01');
INSERT INTO `log` VALUES ('1084', 'Ingreso al sistema', '3', '2020-05-25', '15:58:28');
INSERT INTO `log` VALUES ('1085', 'Ingreso al sistema', '3', '2020-05-25', '15:59:49');
INSERT INTO `log` VALUES ('1086', 'Ingreso al sistema', '3', '2020-05-25', '16:00:22');
INSERT INTO `log` VALUES ('1087', 'Ingreso al sistema', '3', '2020-05-25', '16:01:08');
INSERT INTO `log` VALUES ('1088', 'Ingreso al sistema', '3', '2020-05-25', '16:01:32');
INSERT INTO `log` VALUES ('1089', 'Ingreso al sistema', '3', '2020-05-25', '16:01:56');
INSERT INTO `log` VALUES ('1090', 'Ingreso al sistema', '3', '2020-05-25', '16:02:15');
INSERT INTO `log` VALUES ('1091', 'Ingreso al sistema', '3', '2020-05-25', '16:03:24');
INSERT INTO `log` VALUES ('1092', 'Ingreso al sistema', '3', '2020-05-25', '16:03:40');
INSERT INTO `log` VALUES ('1093', 'Ingreso al sistema', '3', '2020-05-25', '16:03:54');
INSERT INTO `log` VALUES ('1094', 'Ingreso al sistema', '3', '2020-05-25', '16:04:09');
INSERT INTO `log` VALUES ('1095', 'Ingreso al sistema', '3', '2020-05-25', '16:04:22');
INSERT INTO `log` VALUES ('1096', 'Ingreso al sistema', '3', '2020-05-25', '16:06:19');
INSERT INTO `log` VALUES ('1097', 'Ingreso al sistema', '3', '2020-05-25', '16:06:33');
INSERT INTO `log` VALUES ('1098', 'Ingreso al sistema', '3', '2020-05-25', '16:07:21');
INSERT INTO `log` VALUES ('1099', 'Ingreso al sistema', '3', '2020-05-25', '16:07:38');
INSERT INTO `log` VALUES ('1100', 'Ingreso al sistema', '3', '2020-05-25', '22:04:24');
INSERT INTO `log` VALUES ('1101', 'Ingreso al sistema', '3', '2020-05-25', '22:06:14');
INSERT INTO `log` VALUES ('1102', 'Ingreso al sistema', '3', '2020-05-25', '22:06:39');
INSERT INTO `log` VALUES ('1103', 'Ingreso al sistema', '3', '2020-05-25', '22:11:53');
INSERT INTO `log` VALUES ('1104', 'Ingreso al sistema', '3', '2020-05-25', '22:12:05');
INSERT INTO `log` VALUES ('1105', 'Ingreso al sistema', '3', '2020-05-25', '22:12:18');
INSERT INTO `log` VALUES ('1106', 'Ingreso al sistema', '3', '2020-05-25', '22:13:17');
INSERT INTO `log` VALUES ('1107', 'Ingreso al sistema', '3', '2020-05-25', '22:14:54');
INSERT INTO `log` VALUES ('1108', 'Ingreso al sistema', '3', '2020-05-25', '22:15:11');
INSERT INTO `log` VALUES ('1109', 'Ingreso al sistema', '3', '2020-05-25', '22:15:29');
INSERT INTO `log` VALUES ('1110', 'Ingreso al sistema', '3', '2020-05-25', '22:19:46');
INSERT INTO `log` VALUES ('1111', 'Ingreso al sistema', '3', '2020-05-25', '22:22:18');
INSERT INTO `log` VALUES ('1112', 'Ingreso al sistema', '3', '2020-05-25', '22:31:09');
INSERT INTO `log` VALUES ('1113', 'Ingreso al sistema', '3', '2020-05-25', '22:31:32');
INSERT INTO `log` VALUES ('1114', 'Ingreso al sistema', '3', '2020-05-25', '23:21:17');
INSERT INTO `log` VALUES ('1115', 'Ingreso al sistema', '3', '2020-05-25', '23:24:47');
INSERT INTO `log` VALUES ('1116', 'Ingreso al sistema', '3', '2020-05-25', '23:29:46');
INSERT INTO `log` VALUES ('1117', 'Ingreso al sistema', '3', '2020-05-25', '23:31:17');
INSERT INTO `log` VALUES ('1118', 'Ingreso al sistema', '3', '2020-05-25', '23:32:11');
INSERT INTO `log` VALUES ('1119', 'Ingreso al sistema', '3', '2020-05-25', '23:32:18');
INSERT INTO `log` VALUES ('1120', 'Ingreso al sistema', '3', '2020-05-25', '23:32:51');
INSERT INTO `log` VALUES ('1121', 'Ingreso al sistema', '3', '2020-05-25', '23:33:04');
INSERT INTO `log` VALUES ('1122', 'Ingreso al sistema', '3', '2020-05-25', '23:34:39');
INSERT INTO `log` VALUES ('1123', 'Ingreso al sistema', '3', '2020-05-25', '23:34:52');
INSERT INTO `log` VALUES ('1124', 'Ingreso al sistema', '3', '2020-05-25', '23:35:53');
INSERT INTO `log` VALUES ('1125', 'Ha cambiado al tema Prueba1', '3', '2020-05-25', '23:39:42');
INSERT INTO `log` VALUES ('1126', 'Ingreso al sistema', '3', '2020-05-25', '23:41:02');
INSERT INTO `log` VALUES ('1127', 'Ingreso al sistema', '3', '2020-05-25', '23:41:34');
INSERT INTO `log` VALUES ('1128', 'Ingreso al sistema', '3', '2020-05-25', '23:53:39');
INSERT INTO `log` VALUES ('1129', 'Ingreso al sistema', '3', '2020-05-25', '23:54:34');
INSERT INTO `log` VALUES ('1130', 'Ingreso al sistema', '3', '2020-05-25', '23:55:22');
INSERT INTO `log` VALUES ('1131', 'Ingreso al sistema', '3', '2020-05-25', '23:55:36');
INSERT INTO `log` VALUES ('1132', 'Ingreso al sistema', '3', '2020-05-25', '23:56:45');
INSERT INTO `log` VALUES ('1133', 'Ingreso al sistema', '3', '2020-05-26', '00:01:36');
INSERT INTO `log` VALUES ('1134', 'Ingreso al sistema', '3', '2020-05-26', '00:03:40');
INSERT INTO `log` VALUES ('1135', 'Ingreso al sistema', '3', '2020-05-26', '00:05:29');
INSERT INTO `log` VALUES ('1136', 'Ingreso al sistema', '3', '2020-05-26', '00:05:58');
INSERT INTO `log` VALUES ('1137', 'Ingreso al sistema', '3', '2020-05-26', '00:10:02');
INSERT INTO `log` VALUES ('1138', 'Ingreso al sistema', '3', '2020-05-26', '00:10:21');
INSERT INTO `log` VALUES ('1139', 'Ingreso al sistema', '3', '2020-05-26', '00:12:43');
INSERT INTO `log` VALUES ('1140', 'Ingreso al sistema', '3', '2020-05-26', '00:13:27');
INSERT INTO `log` VALUES ('1141', 'Ingreso al sistema', '3', '2020-05-26', '00:14:40');
INSERT INTO `log` VALUES ('1142', 'Ingreso al sistema', '3', '2020-05-26', '00:16:04');
INSERT INTO `log` VALUES ('1143', 'Ingreso al sistema', '3', '2020-05-26', '00:18:28');
INSERT INTO `log` VALUES ('1144', 'Ingreso al sistema', '3', '2020-05-26', '00:20:09');
INSERT INTO `log` VALUES ('1145', 'Ingreso al sistema', '3', '2020-05-26', '00:21:30');
INSERT INTO `log` VALUES ('1146', 'Ingreso al sistema', '3', '2020-05-26', '00:21:41');
INSERT INTO `log` VALUES ('1147', 'Ingreso al sistema', '3', '2020-05-26', '00:30:59');
INSERT INTO `log` VALUES ('1148', 'Ingreso al sistema', '3', '2020-05-26', '00:31:50');
INSERT INTO `log` VALUES ('1149', 'Ingreso al sistema', '3', '2020-05-26', '01:10:36');
INSERT INTO `log` VALUES ('1150', 'Ingreso al sistema', '3', '2020-05-26', '01:12:07');
INSERT INTO `log` VALUES ('1151', 'Ingreso al sistema', '3', '2020-05-26', '01:13:03');
INSERT INTO `log` VALUES ('1152', 'Ingreso al sistema', '3', '2020-05-26', '01:14:24');
INSERT INTO `log` VALUES ('1153', 'Ingreso al sistema', '3', '2020-05-26', '01:14:42');
INSERT INTO `log` VALUES ('1154', 'Ingreso al sistema', '3', '2020-05-26', '01:15:18');
INSERT INTO `log` VALUES ('1155', 'Ingreso al sistema', '3', '2020-05-26', '01:17:17');
INSERT INTO `log` VALUES ('1156', 'Ingreso al sistema', '3', '2020-05-26', '01:19:06');
INSERT INTO `log` VALUES ('1157', 'Ingreso al sistema', '3', '2020-05-26', '01:22:46');
INSERT INTO `log` VALUES ('1158', 'Ingreso al sistema', '3', '2020-05-26', '01:23:35');
INSERT INTO `log` VALUES ('1159', 'Ingreso al sistema', '3', '2020-05-26', '01:24:15');
INSERT INTO `log` VALUES ('1160', 'Ingreso al sistema', '3', '2020-05-26', '01:26:07');
INSERT INTO `log` VALUES ('1161', 'Ingreso al sistema', '3', '2020-05-26', '01:26:26');
INSERT INTO `log` VALUES ('1162', 'Ingreso al sistema', '3', '2020-05-26', '01:27:19');
INSERT INTO `log` VALUES ('1163', 'Ingreso al sistema', '3', '2020-05-26', '01:43:10');
INSERT INTO `log` VALUES ('1164', 'Ingreso al sistema', '3', '2020-05-26', '02:09:55');
INSERT INTO `log` VALUES ('1165', 'Ingreso al sistema', '3', '2020-05-26', '02:12:46');
INSERT INTO `log` VALUES ('1166', 'Ingreso al sistema', '3', '2020-05-26', '02:13:18');
INSERT INTO `log` VALUES ('1167', 'Ingreso al sistema', '3', '2020-05-26', '02:13:34');
INSERT INTO `log` VALUES ('1168', 'Ingreso al sistema', '3', '2020-05-26', '02:15:10');
INSERT INTO `log` VALUES ('1169', 'Ingreso al sistema', '3', '2020-05-26', '02:15:48');
INSERT INTO `log` VALUES ('1170', 'Ingreso al sistema', '3', '2020-05-26', '02:15:59');
INSERT INTO `log` VALUES ('1171', 'Ingreso al sistema', '3', '2020-05-26', '02:17:08');
INSERT INTO `log` VALUES ('1172', 'Ingreso al sistema', '3', '2020-05-26', '02:17:44');
INSERT INTO `log` VALUES ('1173', 'Ingreso al sistema', '3', '2020-05-26', '02:21:30');
INSERT INTO `log` VALUES ('1174', 'Ingreso al sistema', '3', '2020-05-26', '02:21:59');
INSERT INTO `log` VALUES ('1175', 'Ingreso al sistema', '3', '2020-05-26', '02:22:11');
INSERT INTO `log` VALUES ('1176', 'Ingreso al sistema', '3', '2020-05-26', '02:22:21');
INSERT INTO `log` VALUES ('1177', 'Ingreso al sistema', '3', '2020-05-26', '02:22:31');
INSERT INTO `log` VALUES ('1178', 'Ingreso al sistema', '3', '2020-05-26', '02:22:40');
INSERT INTO `log` VALUES ('1179', 'Ingreso al sistema', '3', '2020-05-26', '02:25:41');
INSERT INTO `log` VALUES ('1180', 'Ingreso al sistema', '3', '2020-05-26', '02:32:49');
INSERT INTO `log` VALUES ('1181', 'Ingreso al sistema', '3', '2020-05-26', '02:33:22');
INSERT INTO `log` VALUES ('1182', 'Ingreso al sistema', '3', '2020-05-26', '02:36:06');
INSERT INTO `log` VALUES ('1183', 'Ingreso al sistema', '3', '2020-05-26', '02:36:24');
INSERT INTO `log` VALUES ('1184', 'Ingreso al sistema', '3', '2020-05-26', '02:36:36');
INSERT INTO `log` VALUES ('1185', 'Ingreso al sistema', '3', '2020-05-26', '02:36:49');
INSERT INTO `log` VALUES ('1186', 'Ingreso al sistema', '3', '2020-05-26', '02:45:45');
INSERT INTO `log` VALUES ('1187', 'Ha cambiado al tema Prueba', '3', '2020-05-26', '02:46:14');
INSERT INTO `log` VALUES ('1188', 'Ha cambiado al tema NegroRojo', '3', '2020-05-26', '02:46:33');
INSERT INTO `log` VALUES ('1189', 'Ha cambiado al tema Oscuro', '3', '2020-05-26', '02:46:37');
INSERT INTO `log` VALUES ('1190', 'Ha cambiado al tema Night', '3', '2020-05-26', '02:46:41');
INSERT INTO `log` VALUES ('1191', 'Ha cambiado al tema Snarky', '3', '2020-05-26', '02:46:46');
INSERT INTO `log` VALUES ('1192', 'Ha cambiado al tema Warning Bootstrap', '3', '2020-05-26', '02:46:50');
INSERT INTO `log` VALUES ('1193', 'Ha cambiado al tema Cool', '3', '2020-05-26', '02:46:55');
INSERT INTO `log` VALUES ('1194', 'Ha cambiado al tema CHyP', '3', '2020-05-26', '02:47:01');
INSERT INTO `log` VALUES ('1195', 'Ha cambiado al tema Chopes', '3', '2020-05-26', '02:47:04');
INSERT INTO `log` VALUES ('1196', 'Ha cambiado al tema ITLinares', '3', '2020-05-26', '02:47:11');
INSERT INTO `log` VALUES ('1197', 'Ha cambiado al tema Adolfo', '3', '2020-05-26', '02:47:13');
INSERT INTO `log` VALUES ('1198', 'Ingreso al sistema', '3', '2020-05-26', '02:49:52');
INSERT INTO `log` VALUES ('1199', 'Ingreso al sistema', '3', '2020-05-26', '02:50:30');
INSERT INTO `log` VALUES ('1200', 'Ha cambiado al tema Chopes', '3', '2020-05-26', '02:50:34');
INSERT INTO `log` VALUES ('1201', 'Ha cambiado al tema Prueba2', '3', '2020-05-26', '02:50:39');
INSERT INTO `log` VALUES ('1202', 'Ha cambiado al tema Obscuro Clasico', '3', '2020-05-26', '02:50:49');
INSERT INTO `log` VALUES ('1203', 'Ha cambiado al tema Azul Britanico', '3', '2020-05-26', '02:50:57');
INSERT INTO `log` VALUES ('1204', 'Ha cambiado al tema Dark Green', '3', '2020-05-26', '02:50:59');
INSERT INTO `log` VALUES ('1205', 'Ha cambiado al tema NegroRojo', '3', '2020-05-26', '02:51:03');
INSERT INTO `log` VALUES ('1206', 'Ha cambiado al tema Prueba3', '3', '2020-05-26', '02:51:16');
INSERT INTO `log` VALUES ('1207', 'Ha cambiado al tema Prueba2', '3', '2020-05-26', '02:51:42');
INSERT INTO `log` VALUES ('1208', 'Ingreso al sistema', '3', '2020-05-26', '02:52:52');
INSERT INTO `log` VALUES ('1209', 'Ha cambiado al tema Cool', '3', '2020-05-26', '02:53:04');
INSERT INTO `log` VALUES ('1210', 'Ingreso al sistema', '3', '2020-05-26', '02:59:55');
INSERT INTO `log` VALUES ('1211', 'Ingreso al sistema', '3', '2020-05-26', '03:05:12');
INSERT INTO `log` VALUES ('1212', 'Ha cambiado al tema Chopes', '3', '2020-05-26', '03:05:22');
INSERT INTO `log` VALUES ('1213', 'Ingreso al sistema', '3', '2020-05-26', '03:05:47');
INSERT INTO `log` VALUES ('1214', 'Ha cambiado al tema CHyP', '3', '2020-05-26', '03:05:58');
INSERT INTO `log` VALUES ('1215', 'Ha cambiado al tema Cool', '3', '2020-05-26', '03:06:02');
INSERT INTO `log` VALUES ('1216', 'Ha cambiado al tema ITLinares', '3', '2020-05-26', '03:06:42');
INSERT INTO `log` VALUES ('1217', 'Ha cambiado al tema ITLinares Alternativo', '3', '2020-05-26', '03:06:45');
INSERT INTO `log` VALUES ('1218', 'Ha cambiado al tema Prueba', '3', '2020-05-26', '03:06:48');
INSERT INTO `log` VALUES ('1219', 'Ha cambiado al tema Prueba2', '3', '2020-05-26', '03:06:51');
INSERT INTO `log` VALUES ('1220', 'Ha cambiado al tema Prueba5', '3', '2020-05-26', '03:06:54');
INSERT INTO `log` VALUES ('1221', 'Ingreso al sistema', '3', '2020-05-26', '03:08:01');
INSERT INTO `log` VALUES ('1222', 'Ha cambiado al tema Prueba2', '3', '2020-05-26', '03:08:52');
INSERT INTO `log` VALUES ('1223', 'Ha cambiado al tema Snarky', '3', '2020-05-26', '03:08:56');
INSERT INTO `log` VALUES ('1224', 'Ha cambiado al tema Valgame', '3', '2020-05-26', '03:08:59');
INSERT INTO `log` VALUES ('1225', 'Ha cambiado al tema Warning Bootstrap', '3', '2020-05-26', '03:09:02');
INSERT INTO `log` VALUES ('1226', 'Ingreso al sistema', '3', '2020-05-26', '14:28:56');
INSERT INTO `log` VALUES ('1227', 'Ingreso al sistema', '3', '2020-05-26', '14:30:44');
INSERT INTO `log` VALUES ('1228', 'Ingreso al sistema', '3', '2020-05-26', '14:31:00');
INSERT INTO `log` VALUES ('1229', 'Ingreso al sistema', '3', '2020-05-26', '14:31:16');
INSERT INTO `log` VALUES ('1230', 'Ingreso al sistema', '3', '2020-05-26', '14:31:28');
INSERT INTO `log` VALUES ('1231', 'Ingreso al sistema', '3', '2020-05-26', '14:31:40');
INSERT INTO `log` VALUES ('1232', 'Ingreso al sistema', '3', '2020-05-26', '14:32:19');
INSERT INTO `log` VALUES ('1233', 'Ha cambiado al tema Cool', '3', '2020-05-26', '14:35:05');
INSERT INTO `log` VALUES ('1234', 'Ingreso al sistema', '3', '2020-05-26', '14:45:55');
INSERT INTO `log` VALUES ('1235', 'Ingreso al sistema', '3', '2020-05-26', '14:47:15');
INSERT INTO `log` VALUES ('1236', 'Ingreso al sistema', '3', '2020-05-26', '14:50:43');
INSERT INTO `log` VALUES ('1237', 'Ingreso al sistema', '3', '2020-05-26', '14:52:41');
INSERT INTO `log` VALUES ('1238', 'Ingreso al sistema', '3', '2020-05-26', '14:55:40');
INSERT INTO `log` VALUES ('1239', 'Ingreso al sistema', '3', '2020-05-26', '14:55:51');
INSERT INTO `log` VALUES ('1240', 'Ingreso al sistema', '3', '2020-05-26', '14:56:38');
INSERT INTO `log` VALUES ('1241', 'Ingreso al sistema', '3', '2020-05-26', '14:57:09');
INSERT INTO `log` VALUES ('1242', 'Ingreso al sistema', '3', '2020-05-26', '14:58:12');
INSERT INTO `log` VALUES ('1243', 'Ingreso al sistema', '3', '2020-05-26', '14:58:27');
INSERT INTO `log` VALUES ('1244', 'Ingreso al sistema', '3', '2020-05-26', '15:00:17');
INSERT INTO `log` VALUES ('1245', 'Ingreso al sistema', '3', '2020-05-26', '15:01:19');
INSERT INTO `log` VALUES ('1246', 'Ingreso al sistema', '3', '2020-05-26', '15:01:41');
INSERT INTO `log` VALUES ('1247', 'Ingreso al sistema', '3', '2020-05-26', '15:15:00');
INSERT INTO `log` VALUES ('1248', 'Ingreso al sistema', '3', '2020-05-26', '15:15:55');
INSERT INTO `log` VALUES ('1249', 'Ingreso al sistema', '3', '2020-05-26', '15:16:31');
INSERT INTO `log` VALUES ('1250', 'Ingreso al sistema', '3', '2020-05-26', '16:41:32');
INSERT INTO `log` VALUES ('1251', 'Ingreso al sistema', '3', '2020-05-26', '16:42:14');
INSERT INTO `log` VALUES ('1252', 'Ingreso al sistema', '3', '2020-05-26', '16:44:54');
INSERT INTO `log` VALUES ('1253', 'Ingreso al sistema', '3', '2020-05-26', '16:48:35');
INSERT INTO `log` VALUES ('1254', 'Ingreso al sistema', '3', '2020-05-26', '16:49:43');
INSERT INTO `log` VALUES ('1255', 'Ingreso al sistema', '3', '2020-05-26', '16:54:30');
INSERT INTO `log` VALUES ('1256', 'Ingreso al sistema', '3', '2020-05-26', '16:58:18');
INSERT INTO `log` VALUES ('1257', 'Ingreso al sistema', '3', '2020-05-26', '17:09:00');
INSERT INTO `log` VALUES ('1258', 'Ingreso al sistema', '3', '2020-05-26', '17:09:24');
INSERT INTO `log` VALUES ('1259', 'Ingreso al sistema', '3', '2020-05-26', '17:10:55');
INSERT INTO `log` VALUES ('1260', 'Ingreso al sistema', '3', '2020-05-26', '17:12:13');
INSERT INTO `log` VALUES ('1261', 'Ingreso al sistema', '3', '2020-05-26', '17:14:04');
INSERT INTO `log` VALUES ('1262', 'Ingreso al sistema', '3', '2020-05-26', '17:16:43');
INSERT INTO `log` VALUES ('1263', 'Ingreso al sistema', '3', '2020-05-26', '17:17:47');
INSERT INTO `log` VALUES ('1264', 'Ingreso al sistema', '3', '2020-05-26', '17:18:21');
INSERT INTO `log` VALUES ('1265', 'Ingreso al sistema', '3', '2020-05-26', '17:18:47');
INSERT INTO `log` VALUES ('1266', 'Ingreso al sistema', '3', '2020-05-26', '17:30:53');
INSERT INTO `log` VALUES ('1267', 'Ingreso al sistema', '3', '2020-05-26', '17:32:12');
INSERT INTO `log` VALUES ('1268', 'Ingreso al sistema', '3', '2020-05-26', '17:39:00');
INSERT INTO `log` VALUES ('1269', 'Ingreso al sistema', '3', '2020-05-26', '17:39:19');
INSERT INTO `log` VALUES ('1270', 'Ingreso al sistema', '3', '2020-05-26', '17:39:50');
INSERT INTO `log` VALUES ('1271', 'Ingreso al sistema', '3', '2020-05-26', '17:42:40');
INSERT INTO `log` VALUES ('1272', 'Ingreso al sistema', '3', '2020-05-26', '17:43:19');
INSERT INTO `log` VALUES ('1273', 'Ingreso al sistema', '3', '2020-05-26', '17:47:05');
INSERT INTO `log` VALUES ('1274', 'Ingreso al sistema', '3', '2020-05-26', '17:47:32');
INSERT INTO `log` VALUES ('1275', 'Ingreso al sistema', '3', '2020-05-26', '17:51:33');
INSERT INTO `log` VALUES ('1276', 'Ingreso al sistema', '3', '2020-05-26', '17:53:18');
INSERT INTO `log` VALUES ('1277', 'Ingreso al sistema', '3', '2020-05-26', '17:54:48');
INSERT INTO `log` VALUES ('1278', 'Ingreso al sistema', '3', '2020-05-26', '17:55:12');
INSERT INTO `log` VALUES ('1279', 'Ingreso al sistema', '3', '2020-05-26', '17:58:50');
INSERT INTO `log` VALUES ('1280', 'Ingreso al sistema', '3', '2020-05-26', '18:00:53');
INSERT INTO `log` VALUES ('1281', 'Ingreso al sistema', '3', '2020-05-26', '18:01:52');
INSERT INTO `log` VALUES ('1282', 'Ingreso al sistema', '3', '2020-05-26', '18:02:17');
INSERT INTO `log` VALUES ('1283', 'Ingreso al sistema', '3', '2020-05-26', '18:04:08');
INSERT INTO `log` VALUES ('1284', 'Ingreso al sistema', '3', '2020-05-26', '18:04:47');
INSERT INTO `log` VALUES ('1285', 'Ingreso al sistema', '3', '2020-05-26', '18:06:01');
INSERT INTO `log` VALUES ('1286', 'Ingreso al sistema', '3', '2020-05-26', '18:18:50');
INSERT INTO `log` VALUES ('1287', 'Ingreso al sistema', '3', '2020-05-26', '18:20:18');
INSERT INTO `log` VALUES ('1288', 'Ingreso al sistema', '3', '2020-05-26', '18:22:50');
INSERT INTO `log` VALUES ('1289', 'Ingreso al sistema', '3', '2020-05-26', '18:23:10');
INSERT INTO `log` VALUES ('1290', 'Ingreso al sistema', '3', '2020-05-26', '18:24:26');
INSERT INTO `log` VALUES ('1291', 'Ingreso al sistema', '3', '2020-05-26', '18:24:58');
INSERT INTO `log` VALUES ('1292', 'Ingreso al sistema', '3', '2020-05-26', '18:31:02');
INSERT INTO `log` VALUES ('1293', 'Ingreso al sistema', '3', '2020-05-26', '18:32:04');
INSERT INTO `log` VALUES ('1294', 'Ingreso al sistema', '3', '2020-05-26', '18:33:01');
INSERT INTO `log` VALUES ('1295', 'Ingreso al sistema', '3', '2020-05-26', '18:34:02');
INSERT INTO `log` VALUES ('1296', 'Ingreso al sistema', '3', '2020-05-26', '20:59:10');
INSERT INTO `log` VALUES ('1297', 'Ingreso al sistema', '3', '2020-05-26', '21:02:40');
INSERT INTO `log` VALUES ('1298', 'Ingreso al sistema', '3', '2020-05-26', '22:46:52');
INSERT INTO `log` VALUES ('1299', 'Ingreso al sistema', '3', '2020-05-26', '22:48:58');
INSERT INTO `log` VALUES ('1300', 'Ingreso al sistema', '3', '2020-05-26', '22:50:04');
INSERT INTO `log` VALUES ('1301', 'Ingreso al sistema', '3', '2020-05-26', '22:55:36');
INSERT INTO `log` VALUES ('1302', 'Ingreso al sistema', '3', '2020-05-26', '22:57:30');
INSERT INTO `log` VALUES ('1303', 'Ingreso al sistema', '3', '2020-05-26', '23:01:00');
INSERT INTO `log` VALUES ('1304', 'Ingreso al sistema', '3', '2020-05-26', '23:48:50');
INSERT INTO `log` VALUES ('1305', 'Ingreso al sistema', '3', '2020-05-26', '23:49:19');
INSERT INTO `log` VALUES ('1306', 'Ingreso al sistema', '3', '2020-05-27', '00:24:53');
INSERT INTO `log` VALUES ('1307', 'Ingreso al sistema', '3', '2020-05-27', '00:25:28');
INSERT INTO `log` VALUES ('1308', 'Ingreso al sistema', '3', '2020-05-27', '00:34:31');
INSERT INTO `log` VALUES ('1309', 'Ingreso al sistema', '3', '2020-05-27', '00:53:10');
INSERT INTO `log` VALUES ('1310', 'Ingreso al sistema', '3', '2020-05-27', '01:21:34');
INSERT INTO `log` VALUES ('1311', 'Ingreso al sistema', '3', '2020-05-27', '01:23:28');
INSERT INTO `log` VALUES ('1312', 'Ingreso al sistema', '3', '2020-05-27', '01:28:35');
INSERT INTO `log` VALUES ('1313', 'Ingreso al sistema', '3', '2020-05-27', '01:29:57');
INSERT INTO `log` VALUES ('1314', 'Ingreso al sistema', '3', '2020-05-27', '01:30:19');
INSERT INTO `log` VALUES ('1315', 'Ingreso al sistema', '3', '2020-05-27', '01:32:39');
INSERT INTO `log` VALUES ('1316', 'Ingreso al sistema', '3', '2020-05-27', '01:35:47');
INSERT INTO `log` VALUES ('1317', 'Ingreso al sistema', '3', '2020-05-27', '01:36:15');
INSERT INTO `log` VALUES ('1318', 'Ingreso al sistema', '3', '2020-05-27', '01:36:37');
INSERT INTO `log` VALUES ('1319', 'Ingreso al sistema', '3', '2020-05-27', '01:41:21');
INSERT INTO `log` VALUES ('1320', 'Ingreso al sistema', '3', '2020-05-27', '01:42:40');
INSERT INTO `log` VALUES ('1321', 'Ingreso al sistema', '3', '2020-05-27', '01:45:38');
INSERT INTO `log` VALUES ('1322', 'Ingreso al sistema', '3', '2020-05-27', '01:49:43');
INSERT INTO `log` VALUES ('1323', 'Ingreso al sistema', '3', '2020-05-27', '01:52:15');
INSERT INTO `log` VALUES ('1324', 'Ingreso al sistema', '3', '2020-05-27', '01:53:18');
INSERT INTO `log` VALUES ('1325', 'Ingreso al sistema', '3', '2020-05-27', '01:54:15');
INSERT INTO `log` VALUES ('1326', 'Ingreso al sistema', '3', '2020-05-27', '01:55:24');
INSERT INTO `log` VALUES ('1327', 'Ingreso al sistema', '3', '2020-05-27', '01:56:19');
INSERT INTO `log` VALUES ('1328', 'Ingreso al sistema', '3', '2020-05-27', '01:56:37');
INSERT INTO `log` VALUES ('1329', 'Ingreso al sistema', '3', '2020-05-27', '01:56:47');
INSERT INTO `log` VALUES ('1330', 'Ingreso al sistema', '3', '2020-05-27', '02:26:09');
INSERT INTO `log` VALUES ('1331', 'Ingreso al sistema', '3', '2020-05-27', '02:27:11');
INSERT INTO `log` VALUES ('1332', 'Ingreso al sistema', '3', '2020-05-27', '02:35:24');
INSERT INTO `log` VALUES ('1333', 'Ingreso al sistema', '3', '2020-05-27', '02:35:47');
INSERT INTO `log` VALUES ('1334', 'Ingreso al sistema', '3', '2020-05-27', '02:36:26');
INSERT INTO `log` VALUES ('1335', 'Ingreso al sistema', '3', '2020-05-27', '02:37:49');
INSERT INTO `log` VALUES ('1336', 'Ingreso al sistema', '3', '2020-05-27', '02:40:26');
INSERT INTO `log` VALUES ('1337', 'Ingreso al sistema', '3', '2020-05-27', '02:43:41');
INSERT INTO `log` VALUES ('1338', 'Ingreso al sistema', '3', '2020-05-27', '02:44:24');
INSERT INTO `log` VALUES ('1339', 'Ingreso al sistema', '3', '2020-05-27', '09:48:49');
INSERT INTO `log` VALUES ('1340', 'Ingreso al sistema', '3', '2020-05-27', '09:53:10');
INSERT INTO `log` VALUES ('1341', 'Ingreso al sistema', '3', '2020-05-27', '10:00:49');
INSERT INTO `log` VALUES ('1342', 'Ingreso al sistema', '3', '2020-05-27', '10:05:02');
INSERT INTO `log` VALUES ('1343', 'Ingreso al sistema', '3', '2020-05-27', '10:07:00');
INSERT INTO `log` VALUES ('1344', 'Ingreso al sistema', '3', '2020-05-27', '10:12:24');
INSERT INTO `log` VALUES ('1345', 'Ingreso al sistema', '3', '2020-05-27', '10:13:07');
INSERT INTO `log` VALUES ('1346', 'Ingreso al sistema', '3', '2020-05-27', '10:29:46');
INSERT INTO `log` VALUES ('1347', 'Ingreso al sistema', '3', '2020-05-27', '10:30:50');
INSERT INTO `log` VALUES ('1348', 'Ingreso al sistema', '3', '2020-05-27', '11:39:41');
INSERT INTO `log` VALUES ('1349', 'Ingreso al sistema', '3', '2020-05-27', '11:39:49');
INSERT INTO `log` VALUES ('1350', 'Ingreso al sistema', '3', '2020-05-27', '11:43:32');
INSERT INTO `log` VALUES ('1351', 'Ingreso al sistema', '3', '2020-05-27', '11:43:57');
INSERT INTO `log` VALUES ('1352', 'Ingreso al sistema', '3', '2020-05-27', '11:45:33');
INSERT INTO `log` VALUES ('1353', 'Ingreso al sistema', '3', '2020-05-27', '11:45:52');
INSERT INTO `log` VALUES ('1354', 'Se insertado un nuevo registro a la tabla Datos Personales', '3', '2020-05-27', '11:49:50');
INSERT INTO `log` VALUES ('1355', 'Ingreso al sistema', '3', '2020-05-27', '11:53:39');
INSERT INTO `log` VALUES ('1356', 'Ingreso al sistema', '3', '2020-05-27', '11:54:03');
INSERT INTO `log` VALUES ('1357', 'Se ha desactivado un registro de la tabla tabla Datos Personales', '3', '2020-05-27', '11:58:47');
INSERT INTO `log` VALUES ('1358', 'Se ha reactivado un registro de la tabla tabla Datos Personales', '3', '2020-05-27', '11:58:52');
INSERT INTO `log` VALUES ('1359', 'Ingreso al sistema', '3', '2020-05-27', '11:59:33');
INSERT INTO `log` VALUES ('1360', 'Se insertado un nuevo registro a la tabla Datos Personales', '3', '2020-05-27', '12:00:16');
INSERT INTO `log` VALUES ('1361', 'Ingreso al sistema', '3', '2020-05-27', '12:07:55');
INSERT INTO `log` VALUES ('1362', 'Ingreso al sistema', '3', '2020-05-27', '12:08:55');
INSERT INTO `log` VALUES ('1363', 'Ingreso al sistema', '3', '2020-05-27', '12:11:14');
INSERT INTO `log` VALUES ('1364', 'Ingreso al sistema', '3', '2020-05-27', '12:21:21');
INSERT INTO `log` VALUES ('1365', 'Ingreso al sistema', '3', '2020-05-27', '12:21:51');
INSERT INTO `log` VALUES ('1366', 'Ingreso al sistema', '3', '2020-05-27', '12:22:11');
INSERT INTO `log` VALUES ('1367', 'Ingreso al sistema', '3', '2020-05-27', '12:23:07');
INSERT INTO `log` VALUES ('1368', 'Ingreso al sistema', '3', '2020-05-27', '12:23:41');
INSERT INTO `log` VALUES ('1369', 'Ingreso al sistema', '3', '2020-05-27', '12:24:57');
INSERT INTO `log` VALUES ('1370', 'Ingreso al sistema', '3', '2020-05-27', '12:25:41');
INSERT INTO `log` VALUES ('1371', 'Ingreso al sistema', '3', '2020-05-27', '12:26:19');
INSERT INTO `log` VALUES ('1372', 'Ingreso al sistema', '3', '2020-05-27', '12:27:34');
INSERT INTO `log` VALUES ('1373', 'Ingreso al sistema', '3', '2020-05-27', '12:45:32');
INSERT INTO `log` VALUES ('1374', 'Ingreso al sistema', '3', '2020-05-27', '18:28:12');
INSERT INTO `log` VALUES ('1375', 'Ingreso al sistema', '3', '2020-05-27', '21:06:02');
INSERT INTO `log` VALUES ('1376', 'Se insertado un nuevo registro a la tabla Datos Personales', '3', '2020-05-27', '21:07:19');
INSERT INTO `log` VALUES ('1377', 'Ingreso al sistema', '3', '2020-05-27', '21:26:50');
INSERT INTO `log` VALUES ('1378', 'Ingreso al sistema', '3', '2020-05-28', '16:50:34');
INSERT INTO `log` VALUES ('1379', 'Ingreso al sistema', '3', '2020-05-29', '16:54:49');
INSERT INTO `log` VALUES ('1380', 'Ingreso al sistema', '3', '2020-05-29', '16:58:52');
INSERT INTO `log` VALUES ('1381', 'Ingreso al sistema', '3', '2020-05-29', '17:00:16');
INSERT INTO `log` VALUES ('1382', 'Ingreso al sistema', '3', '2020-05-29', '17:01:26');
INSERT INTO `log` VALUES ('1383', 'Ingreso al sistema', '3', '2020-05-29', '17:03:33');
INSERT INTO `log` VALUES ('1384', 'Ingreso al sistema', '3', '2020-05-29', '17:06:04');
INSERT INTO `log` VALUES ('1385', 'Ingreso al sistema', '3', '2020-05-29', '17:08:42');
INSERT INTO `log` VALUES ('1386', 'Ingreso al sistema', '3', '2020-05-29', '17:09:16');
INSERT INTO `log` VALUES ('1387', 'Ingreso al sistema', '3', '2020-05-29', '17:10:54');
INSERT INTO `log` VALUES ('1388', 'Ha cambiado al tema Prueba2', '3', '2020-05-29', '17:56:12');
INSERT INTO `log` VALUES ('1389', 'Ingreso al sistema', '3', '2020-05-29', '17:57:34');
INSERT INTO `log` VALUES ('1390', 'Ingreso al sistema', '3', '2020-05-29', '00:40:31');
INSERT INTO `log` VALUES ('1391', 'Ingreso al sistema', '3', '2020-05-29', '00:51:14');
INSERT INTO `log` VALUES ('1392', 'Ingreso al sistema', '3', '2020-05-29', '00:52:15');
INSERT INTO `log` VALUES ('1393', 'Ingreso al sistema', '3', '2020-05-29', '00:53:31');
INSERT INTO `log` VALUES ('1394', 'Ingreso al sistema', '3', '2020-05-29', '00:56:57');
INSERT INTO `log` VALUES ('1395', 'Ingreso al sistema', '3', '2020-05-29', '01:15:11');
INSERT INTO `log` VALUES ('1396', 'Ingreso al sistema', '3', '2020-05-29', '04:56:09');
INSERT INTO `log` VALUES ('1397', 'Ingreso al sistema', '3', '2020-05-29', '05:03:35');
INSERT INTO `log` VALUES ('1398', 'Ingreso al sistema', '3', '2020-05-29', '05:06:01');
INSERT INTO `log` VALUES ('1399', 'Ingreso al sistema', '3', '2020-05-29', '05:08:15');
INSERT INTO `log` VALUES ('1400', 'Ingreso al sistema', '3', '2020-05-29', '05:09:22');
INSERT INTO `log` VALUES ('1401', 'Ingreso al sistema', '3', '2020-05-29', '05:16:18');
INSERT INTO `log` VALUES ('1402', 'Ingreso al sistema', '3', '2020-05-29', '05:16:40');
INSERT INTO `log` VALUES ('1403', 'Ingreso al sistema', '3', '2020-05-29', '04:51:28');
INSERT INTO `log` VALUES ('1404', 'Ingreso al sistema', '3', '2020-05-29', '04:53:14');
INSERT INTO `log` VALUES ('1405', 'Ingreso al sistema', '3', '2020-05-29', '04:57:28');
INSERT INTO `log` VALUES ('1406', 'Ingreso al sistema', '3', '2020-05-29', '04:57:27');
INSERT INTO `log` VALUES ('1407', 'Ingreso al sistema', '3', '2020-05-29', '05:00:59');
INSERT INTO `log` VALUES ('1408', 'Ingreso al sistema', '3', '2020-05-29', '05:04:31');
INSERT INTO `log` VALUES ('1409', 'Ingreso al sistema', '3', '2020-05-29', '04:52:25');
INSERT INTO `log` VALUES ('1410', 'Ingreso al sistema', '3', '2020-05-29', '04:56:42');
INSERT INTO `log` VALUES ('1411', 'Ingreso al sistema', '3', '2020-05-29', '04:57:16');
INSERT INTO `log` VALUES ('1412', 'Ingreso al sistema', '3', '2020-05-29', '00:52:36');
INSERT INTO `log` VALUES ('1413', 'Ingreso al sistema', '3', '2020-05-29', '00:55:45');
INSERT INTO `log` VALUES ('1414', 'Ingreso al sistema', '3', '2020-05-29', '01:02:23');
INSERT INTO `log` VALUES ('1415', 'Ingreso al sistema', '3', '2020-05-29', '01:03:54');
INSERT INTO `log` VALUES ('1416', 'Ingreso al sistema', '3', '2020-05-29', '01:04:14');
INSERT INTO `log` VALUES ('1417', 'Ingreso al sistema', '3', '2020-05-29', '01:04:57');
INSERT INTO `log` VALUES ('1418', 'Ingreso al sistema', '3', '2020-05-29', '01:10:54');
INSERT INTO `log` VALUES ('1419', 'Ingreso al sistema', '3', '2020-05-29', '01:12:18');
INSERT INTO `log` VALUES ('1420', 'Ingreso al sistema', '3', '2020-05-29', '01:13:28');
INSERT INTO `log` VALUES ('1421', 'Ingreso al sistema', '3', '2020-05-29', '01:14:26');
INSERT INTO `log` VALUES ('1422', 'Ingreso al sistema', '3', '2020-05-29', '01:15:37');
INSERT INTO `log` VALUES ('1423', 'Ingreso al sistema', '3', '2020-05-29', '01:16:53');
INSERT INTO `log` VALUES ('1424', 'Ingreso al sistema', '3', '2020-05-29', '01:19:49');
INSERT INTO `log` VALUES ('1425', 'Ingreso al sistema', '3', '2020-05-29', '01:21:13');
INSERT INTO `log` VALUES ('1426', 'Ingreso al sistema', '3', '2020-05-29', '01:22:00');
INSERT INTO `log` VALUES ('1427', 'Ingreso al sistema', '3', '2020-05-29', '06:02:30');
INSERT INTO `log` VALUES ('1428', 'Ingreso al sistema', '3', '2020-05-29', '20:38:16');
INSERT INTO `log` VALUES ('1429', 'Ingreso al sistema', '3', '2020-05-29', '20:46:54');
INSERT INTO `log` VALUES ('1430', 'Ingreso al sistema', '3', '2020-05-29', '20:47:49');
INSERT INTO `log` VALUES ('1431', 'Ingreso al sistema', '3', '2020-05-29', '20:49:44');
INSERT INTO `log` VALUES ('1432', 'Ingreso al sistema', '3', '2020-05-29', '20:50:31');
INSERT INTO `log` VALUES ('1433', 'Ingreso al sistema', '3', '2020-05-29', '20:53:55');
INSERT INTO `log` VALUES ('1434', 'Ingreso al sistema', '3', '2020-05-29', '20:54:43');
INSERT INTO `log` VALUES ('1435', 'Ingreso al sistema', '3', '2020-05-29', '20:56:58');
INSERT INTO `log` VALUES ('1436', 'Ingreso al sistema', '3', '2020-05-29', '20:59:54');
INSERT INTO `log` VALUES ('1437', 'Ingreso al sistema', '3', '2020-05-30', '01:01:44');
INSERT INTO `log` VALUES ('1438', 'Ingreso al sistema', '3', '2020-05-30', '01:02:01');
INSERT INTO `log` VALUES ('1439', 'Ingreso al sistema', '3', '2020-05-30', '01:02:50');
INSERT INTO `log` VALUES ('1440', 'Ingreso al sistema', '3', '2020-05-30', '06:00:54');
INSERT INTO `log` VALUES ('1441', 'Ingreso al sistema', '3', '2020-05-29', '06:02:31');
INSERT INTO `log` VALUES ('1442', 'Ingreso al sistema', '3', '2020-05-29', '06:05:17');
INSERT INTO `log` VALUES ('1443', 'Ingreso al sistema', '3', '2020-05-29', '06:15:29');
INSERT INTO `log` VALUES ('1444', 'Ingreso al sistema', '3', '2020-05-29', '06:27:08');
INSERT INTO `log` VALUES ('1445', 'Ingreso al sistema', '3', '2020-05-29', '12:09:36');
INSERT INTO `log` VALUES ('1446', 'Ingreso al sistema', '3', '2020-05-29', '12:10:14');
INSERT INTO `log` VALUES ('1447', 'Ingreso al sistema', '3', '2020-05-29', '12:10:30');
INSERT INTO `log` VALUES ('1448', 'Ingreso al sistema', '3', '2020-05-29', '12:42:27');
INSERT INTO `log` VALUES ('1449', 'Se ha creado un horario para la persona Jose Luis Plata Santos', '3', '2020-05-29', '12:44:40');
INSERT INTO `log` VALUES ('1450', 'Ha cambiado al tema Cool', '3', '2020-05-29', '12:45:53');
INSERT INTO `log` VALUES ('1451', 'Ingreso al sistema', '3', '2020-05-29', '12:48:30');
INSERT INTO `log` VALUES ('1452', 'Ingreso al sistema', '3', '2020-05-29', '12:55:53');
INSERT INTO `log` VALUES ('1453', 'Ingreso al sistema', '3', '2020-05-29', '13:14:34');
INSERT INTO `log` VALUES ('1454', 'Salio del sistema', '3', '2020-05-29', '13:18:22');
INSERT INTO `log` VALUES ('1455', 'Ingreso al sistema', '3', '2020-05-29', '13:18:50');
INSERT INTO `log` VALUES ('1456', 'Salio del sistema', '3', '2020-05-29', '13:19:19');
INSERT INTO `log` VALUES ('1457', 'Ingreso al sistema', '3', '2020-05-29', '13:19:48');
INSERT INTO `log` VALUES ('1458', 'Salio del sistema', '3', '2020-05-29', '13:20:13');
INSERT INTO `log` VALUES ('1459', 'Ingreso al sistema', '3', '2020-05-29', '13:20:42');
INSERT INTO `log` VALUES ('1460', 'Ingreso al sistema', '3', '2020-05-30', '13:27:32');
INSERT INTO `log` VALUES ('1461', 'Ingreso al sistema', '3', '2020-05-30', '13:27:39');
INSERT INTO `log` VALUES ('1462', 'Ingreso al sistema', '3', '2020-05-30', '13:30:06');
INSERT INTO `log` VALUES ('1463', 'Ingreso al sistema', '3', '2020-05-30', '13:31:15');
INSERT INTO `log` VALUES ('1464', 'Ingreso al sistema', '3', '2020-05-30', '13:32:00');
INSERT INTO `log` VALUES ('1465', 'Salio del sistema', '3', '2020-05-30', '13:33:04');
INSERT INTO `log` VALUES ('1466', 'Ingreso al sistema', '3', '2020-05-30', '13:33:49');
INSERT INTO `log` VALUES ('1467', 'Se ha registrado la entrada del trabajador con clave 6 como Retardo Menor', '3', '2020-05-28', '06:10:40');
INSERT INTO `log` VALUES ('1468', 'Salio del sistema', '3', '2020-05-28', '06:12:07');
INSERT INTO `log` VALUES ('1469', 'Ingreso al sistema', '3', '2020-05-28', '06:12:45');
INSERT INTO `log` VALUES ('1470', 'Salio del sistema', '3', '2020-05-28', '06:13:30');
INSERT INTO `log` VALUES ('1471', 'Ingreso al sistema', '3', '2020-05-28', '06:13:55');
INSERT INTO `log` VALUES ('1472', 'Se ha registrado la entrada del trabajador con clave 6 como Entrada Puntual', '3', '2020-05-27', '06:03:46');
INSERT INTO `log` VALUES ('1473', 'Se ha registrado la entrada del trabajador con clave 6 como Entrada Puntual', '3', '2020-05-27', '06:03:16');
INSERT INTO `log` VALUES ('1474', 'Se ha registrado la salida del trabajador con clave 6 como Salida', '3', '2020-05-27', '11:55:54');
INSERT INTO `log` VALUES ('1475', 'Se ha registrado la salida del trabajador con clave 6 como Salida', '3', '2020-05-27', '11:57:45');
INSERT INTO `log` VALUES ('1476', 'Se ha registrado la entrada del trabajador con clave 6 como Retardo Mayor', '3', '2020-05-28', '09:58:29');
INSERT INTO `log` VALUES ('1477', 'Se ha registrado la entrada del trabajador con clave 6 como Retardo Mayor', '3', '2020-05-28', '09:58:53');
INSERT INTO `log` VALUES ('1478', 'Ingreso al sistema', '3', '2020-06-01', '19:57:10');
INSERT INTO `log` VALUES ('1479', 'Se ha creado un horario para la persona Jesus Salvador Rodriguez Oyervides', '3', '2020-06-01', '19:57:38');
INSERT INTO `log` VALUES ('1480', 'Se ha creado un horario para la persona Yulisa Luna Rodriguez', '3', '2020-06-01', '19:57:49');
INSERT INTO `log` VALUES ('1481', 'Se ha creado un horario para la persona Judith Guadalupe Zamarripa Villanueva', '3', '2020-06-01', '19:57:54');

-- ----------------------------
-- Table structure for temas
-- ----------------------------
DROP TABLE IF EXISTS `temas`;
CREATE TABLE `temas` (
  `id_tema` int(11) NOT NULL auto_increment,
  `nombre_tema` text,
  `color_letra` text,
  `color_base` text,
  `color_base_fuerte` text,
  `color_borde` text,
  `fecha_registro` date default NULL,
  `hora_registro` time default NULL,
  `activo` int(11) default NULL,
  PRIMARY KEY  (`id_tema`)
) ENGINE=MyISAM AUTO_INCREMENT=32 DEFAULT CHARSET=utf8;

-- ----------------------------
-- Records of temas
-- ----------------------------
INSERT INTO `temas` VALUES ('1', 'Obscuro Clasico', '#fff', '#34495e', '#2c3e50', '#c23616', '2020-03-26', '07:18:58', '1');
INSERT INTO `temas` VALUES ('2', 'ITLinares', '#fff', '#3498db', '#2980b9', '#d35400', '2020-03-26', '19:51:03', '1');
INSERT INTO `temas` VALUES ('3', 'UTLinares', '#fff', '#2ecc71', '#27ae60', '#7f8c8d', '2020-05-20', '20:20:31', '1');
INSERT INTO `temas` VALUES ('4', 'ITLinares Alternativo', '#fff', '#e67e22', '#d35400', '#3498db', '2020-03-26', '19:57:51', '1');
INSERT INTO `temas` VALUES ('5', 'Hospital Linares', '#fff', '#9b59b6', '#3A293C', '#C1D101', '2020-03-26', '20:00:39', '1');
INSERT INTO `temas` VALUES ('6', 'Warning Bootstrap', '#000', '#FFC107', '#6C757D', '#343A40', '2020-03-27', '12:12:05', '1');
INSERT INTO `temas` VALUES ('7', 'Azul Britanico', '#fff', '#273c75', '#192a56', '#44bd32', '2020-03-28', '08:20:37', '1');
INSERT INTO `temas` VALUES ('8', 'German Team', '#fff', '#f7b731', '#2C3A47', '#ff4757', '2020-03-30', '17:57:15', '1');
INSERT INTO `temas` VALUES ('9', 'CHyP', '#fff', '#ff9ff3', '#f368e0', '#222f3e', '2020-03-31', '13:15:51', '1');
INSERT INTO `temas` VALUES ('13', 'Cool', '#ffeaa7', '#6D214F', '#5758BB', '#2f3542', '2020-03-31', '16:50:31', '1');
INSERT INTO `temas` VALUES ('12', 'NegroRojo', '#fff', '#ff0000', '#b80404', '#000', '2020-03-31', '04:26:31', '1');
INSERT INTO `temas` VALUES ('25', 'Adolfo', '#E3E2DE', '#9B1750', '#5D001D', '#9B1750', '2020-04-22', '18:18:41', '1');
INSERT INTO `temas` VALUES ('15', 'Chopes', '#d2dae2', '#4b4b4b', '#3d3d3d', '#ff3838', '2020-04-02', '00:50:33', '1');
INSERT INTO `temas` VALUES ('16', 'Dark Green', '#F2F2F2', '#19261B', '#2B402C', '#070D0A', '2020-03-01', '17:54:55', '1');
INSERT INTO `temas` VALUES ('17', 'Grey and Blue', '#fff', '#224277', '#3C4C59', '#65768C', '2020-03-31', '18:23:09', '1');
INSERT INTO `temas` VALUES ('18', 'Night', '#fff', '#2d3436', '#34495e', '#95a5a6', '2020-03-31', '17:37:30', '1');
INSERT INTO `temas` VALUES ('19', 'Oscuro', '#ffffff', '#050505', '#050505', '#40F70E', '2020-03-16', '17:45:52', '1');
INSERT INTO `temas` VALUES ('20', 'Snarky', '#fff', '#576574', '#739fd1', '#95a5a6', '2020-03-31', '16:48:40', '1');
INSERT INTO `temas` VALUES ('21', 'Valgame', '#fff', '#0c2461', '#eb2f06', '#f6b93b', '2020-04-01', '00:48:33', '1');
INSERT INTO `temas` VALUES ('26', 'Prueba', '#ffffff', '#00ffff', '#004080', '#8080ff', '2020-05-04', '17:23:30', '1');
INSERT INTO `temas` VALUES ('27', 'Prueba1', '#ffffff', '#ff8080', '#ff0000', '#ff8000', '2020-05-05', '15:44:43', '1');
INSERT INTO `temas` VALUES ('28', 'Prueba2', '#000000', '#c0c0c0', '#808080', '#8080ff', '2020-05-05', '15:44:06', '1');
INSERT INTO `temas` VALUES ('29', 'Prueba3', '#000000', '#ff8040', '#ff0000', '#ffff80', '2020-05-07', '19:26:30', '1');
INSERT INTO `temas` VALUES ('30', 'Prueba4', '#ffffff', '#0080ff', '#8080ff', '#00ffff', '2020-05-15', '19:24:13', '1');
INSERT INTO `temas` VALUES ('31', 'Prueba5', '#ffffff', '#ff8040', '#804000', '#ff0000', '2020-05-20', '16:17:01', '1');

-- ----------------------------
-- Table structure for usuarios
-- ----------------------------
DROP TABLE IF EXISTS `usuarios`;
CREATE TABLE `usuarios` (
  `id_usuario` int(11) NOT NULL auto_increment,
  `id_dato` int(11) default NULL,
  `id_tema` int(11) default NULL,
  `nombre_usuario` text,
  `contra` text,
  `permiso_datos_persona` text,
  `permiso_ecivil` text,
  `permiso_usuario` text,
  `permiso_temas` text,
  `fecha_caducidad` date default NULL,
  `fecha_registro` date default NULL,
  `activo` int(11) default NULL,
  PRIMARY KEY  (`id_usuario`)
) ENGINE=MyISAM AUTO_INCREMENT=7 DEFAULT CHARSET=utf8;

-- ----------------------------
-- Records of usuarios
-- ----------------------------
INSERT INTO `usuarios` VALUES ('1', '1', '10', 'doe', 'doe', 'si', 'si', 'si', 'si', '2021-03-26', '2020-05-22', '1');
INSERT INTO `usuarios` VALUES ('2', '44', '2', 'paperez', '12345678', 'no', 'no', 'no', 'no', '2021-03-29', '2020-05-21', '1');
INSERT INTO `usuarios` VALUES ('3', '48', '13', 'adolf', '12345678', 'si', 'si', 'si', 'si', '2021-03-31', '2020-05-22', '1');
INSERT INTO `usuarios` VALUES ('4', '3', '16', 'gfar', '12345678', 'si', 'si', 'si', 'no', '2021-05-21', '2020-05-21', '1');
INSERT INTO `usuarios` VALUES ('5', '2', '19', 'hipol', '12345678', 'no', 'si', 'si', 'no', '2022-05-21', '2020-05-21', '1');
INSERT INTO `usuarios` VALUES ('6', '4', '15', 'soto1', '12345678', 'si', 'si', 'si', 'si', '2022-05-21', '2020-05-22', '1');
